-- phpMyAdmin SQL Dump
-- version 5.1.1
-- https://www.phpmyadmin.net/
--
-- Host: 127.0.0.1
-- Generation Time: Mar 22, 2022 at 06:00 PM
-- Server version: 10.4.22-MariaDB
-- PHP Version: 8.0.15

SET SQL_MODE = "NO_AUTO_VALUE_ON_ZERO";
START TRANSACTION;
SET time_zone = "+00:00";


/*!40101 SET @OLD_CHARACTER_SET_CLIENT=@@CHARACTER_SET_CLIENT */;
/*!40101 SET @OLD_CHARACTER_SET_RESULTS=@@CHARACTER_SET_RESULTS */;
/*!40101 SET @OLD_COLLATION_CONNECTION=@@COLLATION_CONNECTION */;
/*!40101 SET NAMES utf8mb4 */;

--
-- Database: `project10`
--

-- --------------------------------------------------------

--
-- Table structure for table `companies`
--

CREATE TABLE `companies` (
  `company_id` bigint(20) UNSIGNED NOT NULL,
  `user_id` bigint(20) UNSIGNED NOT NULL,
  `company_name` varchar(255) COLLATE utf8mb4_unicode_ci NOT NULL,
  `company_email` varchar(255) COLLATE utf8mb4_unicode_ci NOT NULL,
  `company_phone` varchar(255) COLLATE utf8mb4_unicode_ci NOT NULL,
  `company_description` text COLLATE utf8mb4_unicode_ci NOT NULL,
  `company_location` varchar(255) COLLATE utf8mb4_unicode_ci NOT NULL,
  `bedroom_price` int(11) NOT NULL,
  `livingroom_price` int(11) NOT NULL,
  `guestroom_price` int(11) NOT NULL,
  `kitchen_price` int(11) NOT NULL,
  `km_price` int(11) NOT NULL,
  `pack_price` int(11) NOT NULL,
  `company_bookings_count` int(11) NOT NULL DEFAULT 0,
  `company_rate` double(8,2) NOT NULL DEFAULT 0.00,
  `company_rate_count` int(11) NOT NULL DEFAULT 0,
  `status` varchar(255) COLLATE utf8mb4_unicode_ci NOT NULL DEFAULT 'Available',
  `company_image` text COLLATE utf8mb4_unicode_ci NOT NULL,
  `created_at` timestamp NULL DEFAULT NULL,
  `updated_at` timestamp NULL DEFAULT NULL
) ENGINE=InnoDB DEFAULT CHARSET=utf8mb4 COLLATE=utf8mb4_unicode_ci;

--
-- Dumping data for table `companies`
--

INSERT INTO `companies` (`company_id`, `user_id`, `company_name`, `company_email`, `company_phone`, `company_description`, `company_location`, `bedroom_price`, `livingroom_price`, `guestroom_price`, `kitchen_price`, `km_price`, `pack_price`, `company_bookings_count`, `company_rate`, `company_rate_count`, `status`, `company_image`, `created_at`, `updated_at`) VALUES
(1, 139, 'Micheal Crooks', 'leonard.gleason@example.org', '+18727122512', 'Magni a iure dicta. Deserunt maiores tempora sequi labore. Nisi nihil corrupti maiores sit dignissimos tempora. Cum veniam sit ipsa rerum hic maxime architecto quidem.', '4394 Hester Mall Apt. 118\nSouth Elsemouth, MD 38358', 2, 5, 1, 4, 1, 4, 0, 0.00, 0, 'Available', 'slider2.jpg', '2022-03-22 13:53:43', '2022-03-22 13:53:43'),
(2, 135, 'Edmund Moore', 'noemy.heaney@example.org', '1-816-374-1851', 'Facilis fugit ipsum laudantium iste itaque dolore. Dicta nisi debitis veniam dolore impedit ratione. Illo ad rerum quisquam ut dolor aut. Porro rerum consequatur quia quo commodi.', '89239 Monte Drives\nNorth Maude, ID 54789-7590', 4, 3, 3, 5, 5, 1, 0, 0.00, 0, 'Available', 'slider2.jpg', '2022-03-22 13:53:43', '2022-03-22 13:53:43'),
(3, 140, 'Lia Grimes', 'rkassulke@example.net', '+1-229-262-5994', 'Cum delectus ratione vitae excepturi dolores modi quasi. Recusandae quis necessitatibus esse minus at et. Recusandae est voluptatibus quibusdam excepturi.', '1775 Brown Junction Apt. 175\nSouth Virginiamouth, MI 87784-9895', 2, 5, 5, 2, 3, 1, 0, 0.00, 0, 'Available', 'company.jpg', '2022-03-22 13:53:43', '2022-03-22 13:53:43'),
(4, 150, 'Stephan Stoltenberg DVM', 'tpagac@example.net', '+1 (832) 452-9869', 'Dolor veritatis quos voluptatibus eveniet. Nisi neque consequatur aut voluptatem. Beatae explicabo vel sit adipisci expedita ut.', '59268 Kareem Island\nBrainside, NJ 69848-6488', 1, 3, 2, 3, 3, 2, 0, 0.00, 0, 'Available', 'slider.jpg', '2022-03-22 13:53:43', '2022-03-22 13:53:43'),
(5, 113, 'Lonny Schinner', 'ron.schamberger@example.com', '878-324-8928', 'Officia impedit ullam in vel sint. Consequatur dicta ut corrupti ut enim et illum. Error et sint ipsam saepe libero.', '21246 Rylan Islands Apt. 950\nPort Addisonborough, HI 05279-3825', 2, 1, 1, 1, 3, 2, 0, 0.00, 0, 'Available', 'main.jpg', '2022-03-22 13:53:43', '2022-03-22 13:53:43'),
(6, 129, 'Miss Tania Rodriguez I', 'nprohaska@example.com', '+1 (585) 984-2961', 'Aut est libero voluptatem dolorem error qui impedit. Ad est consequatur aut et asperiores accusamus. Laudantium aut tempora omnis.', '3319 Sonya Brooks Apt. 843\nLake Elvie, MD 13588-4468', 2, 5, 4, 4, 4, 1, 0, 0.00, 0, 'Available', 'company.jpg', '2022-03-22 13:53:43', '2022-03-22 13:53:43'),
(7, 125, 'Flossie Wiza Sr.', 'qrutherford@example.net', '+1.872.329.5771', 'Possimus facere expedita et ratione consequatur sunt. Est ut et sit aut ut quia et enim. Eaque ut accusantium aut non.', '3667 Beahan Glen Apt. 798\nLake Hobart, WA 75060', 1, 3, 3, 5, 1, 3, 0, 0.00, 0, 'Available', 'main.jpg', '2022-03-22 13:53:43', '2022-03-22 13:53:43'),
(8, 134, 'Kira Barrows IV', 'pberge@example.org', '+1-248-436-9210', 'Enim dolor perspiciatis non soluta quisquam repudiandae illum. Excepturi aliquam officia blanditiis aspernatur facere quos. Sequi consequatur est rerum et ratione. Recusandae eos quo sed earum.', '460 Hauck Divide Suite 864\nNorth Yasmineside, MO 18075', 4, 5, 4, 3, 4, 2, 0, 0.00, 0, 'Available', 'main.jpg', '2022-03-22 13:53:43', '2022-03-22 13:53:43'),
(9, 104, 'Guiseppe Quitzon DDS', 'justina.macejkovic@example.org', '(754) 553-2128', 'Et et doloribus illum corporis soluta aliquid magni. Aut non corrupti et tempora. Deserunt et quod aut magni.', '39147 Fatima Prairie\nWest Kalimouth, OK 74637', 3, 5, 1, 2, 4, 3, 0, 0.00, 0, 'Available', 'slider.jpg', '2022-03-22 13:53:43', '2022-03-22 13:53:43'),
(10, 147, 'Mr. Alexandre Kris IV', 'gwaelchi@example.net', '1-414-232-3960', 'Reiciendis praesentium voluptate est quisquam voluptas. Possimus aut qui suscipit libero temporibus et. Qui culpa doloribus sunt.', '69022 Ortiz Circles Apt. 084\nBlandaburgh, AR 77482-3472', 4, 2, 1, 3, 4, 3, 0, 0.00, 0, 'Available', 'main.jpg', '2022-03-22 13:53:43', '2022-03-22 13:53:43'),
(11, 108, 'Krystina Schneider I', 'jettie39@example.com', '919.419.6623', 'Non ipsam eos rerum voluptatem. Voluptate numquam enim ut magnam.', '732 Amani Park Apt. 836\nBodemouth, NM 98695-0109', 4, 3, 1, 5, 2, 2, 0, 0.00, 0, 'Available', 'slider2.jpg', '2022-03-22 13:53:43', '2022-03-22 13:53:43'),
(12, 136, 'Abdullah Corkery', 'karina84@example.com', '(260) 248-4559', 'Dolorem esse est iure et vero. Ea illo ipsum numquam enim. Unde reiciendis veritatis eum numquam.', '968 Mose Hills Suite 000\nNew Chelseymouth, AR 97119-6877', 4, 1, 4, 4, 4, 5, 0, 0.00, 0, 'Available', 'main.jpg', '2022-03-22 13:53:43', '2022-03-22 13:53:43'),
(13, 131, 'Lukas Champlin', 'maximilian.waters@example.org', '+1-678-383-1355', 'Facilis deleniti repellendus et tenetur est enim fuga. Et aperiam et qui maiores. Mollitia ipsum enim ipsum.', '5117 Stracke Trace\nRobelbury, GA 83891-7518', 2, 4, 5, 2, 2, 5, 0, 0.00, 0, 'Available', 'slider.jpg', '2022-03-22 13:53:43', '2022-03-22 13:53:43'),
(14, 119, 'Mr. Carson Douglas', 'fritz56@example.net', '+1.947.753.3484', 'Sint quaerat aliquam nihil. Deserunt unde tempora natus necessitatibus ut. Tenetur dolor magni deleniti pariatur ducimus.', '6492 Gerhold Parkway Apt. 415\nKennedymouth, MS 93936', 3, 2, 2, 4, 5, 1, 0, 0.00, 0, 'Available', 'company.jpg', '2022-03-22 13:53:43', '2022-03-22 13:53:43'),
(15, 127, 'Myrl Champlin', 'eichmann.stella@example.org', '+1-820-407-7543', 'Odio quasi adipisci aliquam ea. Dolore maxime dolorem quo voluptatem. Sint doloribus veniam laudantium ut autem qui accusantium aperiam.', '659 Ashtyn Summit\nPort Shana, NC 26101-0276', 5, 5, 2, 1, 3, 2, 0, 0.00, 0, 'Available', 'slider2.jpg', '2022-03-22 13:53:43', '2022-03-22 13:53:43'),
(16, 111, 'Miss Hannah Spinka V', 'martina61@example.com', '+1-541-834-6080', 'Asperiores alias quasi quas dolores quibusdam cumque voluptas. Eos quam consequatur quidem sint. Praesentium ut esse sit maxime. Ut dolores ut quas soluta est molestiae odit.', '484 Pedro Squares\nNorth Damian, CO 46506-4974', 5, 3, 3, 2, 1, 3, 0, 0.00, 0, 'Available', 'slider2.jpg', '2022-03-22 13:53:43', '2022-03-22 13:53:43'),
(17, 126, 'Mr. Sigmund Emmerich III', 'beth83@example.com', '480-830-5661', 'Aut qui earum voluptatem voluptate nihil autem iste. Cupiditate odio rem in ut. Et magnam tempora est dolores quia.', '586 Ross Fork Apt. 249\nKochtown, MA 24423-7965', 1, 2, 5, 5, 4, 5, 0, 0.00, 0, 'Available', 'company.jpg', '2022-03-22 13:53:43', '2022-03-22 13:53:43'),
(18, 124, 'Prof. Gracie Koelpin I', 'libby.turner@example.net', '+14123122741', 'Reiciendis enim et ea tempora. Deserunt dicta a et quia voluptatum et. Exercitationem sed architecto et nemo sint tempore corrupti.', '134 Heller Street Apt. 878\nVonRuedenbury, IA 90876-7304', 5, 5, 5, 1, 4, 3, 0, 0.00, 0, 'Available', 'slider.jpg', '2022-03-22 13:53:43', '2022-03-22 13:53:43'),
(19, 109, 'Dr. Kole Ratke Sr.', 'mary67@example.org', '(929) 857-3396', 'Qui dolore expedita odio aliquid qui voluptate. Possimus quisquam sed at rem voluptatum earum aliquam. Qui et non voluptates porro voluptatem.', '19490 Lavern Loop Apt. 205\nWest Annette, ND 39147', 5, 1, 3, 4, 2, 3, 0, 0.00, 0, 'Available', 'company.jpg', '2022-03-22 13:53:43', '2022-03-22 13:53:43'),
(20, 141, 'Rory Schimmel IV', 'vonrueden.carmen@example.com', '+1-313-352-8335', 'Laborum incidunt vero facere culpa voluptas aliquam corporis. Cumque laboriosam enim ut omnis. Fugiat et ab qui. Dolorum ut ullam ut et.', '89600 Terry Ridge Suite 220\nMaxinebury, CT 06731-8444', 3, 5, 5, 3, 5, 1, 0, 0.00, 0, 'Available', 'company.jpg', '2022-03-22 13:53:43', '2022-03-22 13:53:43'),
(21, 112, 'Sandrine Buckridge', 'drew70@example.net', '+1-858-703-4880', 'Excepturi ad sapiente molestias magnam tempore voluptatem maiores aut. Illum eum qui quia veritatis. Enim id et sint veniam consectetur reiciendis.', '421 Stefanie Isle Apt. 676\nDickinsonhaven, IN 24096-6600', 2, 5, 3, 5, 2, 4, 0, 0.00, 0, 'Available', 'main.jpg', '2022-03-22 13:53:43', '2022-03-22 13:53:43'),
(22, 137, 'Mac Lueilwitz', 'montana06@example.com', '+1.931.710.1116', 'Odio in similique autem et aut. Velit optio excepturi dolor incidunt ut consectetur. Aut veniam eius laudantium assumenda sequi. Iste fugiat quidem quod fugit labore quidem et sed.', '4480 Barrows Stravenue Suite 678\nHillsmouth, DC 91567', 3, 1, 5, 1, 1, 2, 0, 0.00, 0, 'Available', 'slider.jpg', '2022-03-22 13:53:43', '2022-03-22 13:53:43'),
(23, 105, 'Prof. Alene Renner', 'rwest@example.net', '+1 (272) 946-1593', 'Sed nisi ut at aut delectus. Velit et asperiores consequatur nobis et. Voluptas vel et omnis sunt. Architecto sed officiis magnam atque quibusdam voluptatum repudiandae aut.', '73280 Wilkinson Mission\nLake Breana, NM 31017-1643', 1, 4, 1, 3, 1, 4, 0, 0.00, 0, 'Available', 'main.jpg', '2022-03-22 13:53:43', '2022-03-22 13:53:43'),
(24, 118, 'Margot Mitchell PhD', 'koss.kaylee@example.com', '1-931-897-2163', 'Modi quae recusandae laudantium et non. Saepe vel quia nam et. Repudiandae rerum pariatur quaerat et in ea. Autem autem aut sed adipisci voluptatibus nulla dolorum.', '5656 Adams Falls Apt. 047\nBrandynburgh, MO 64182-7285', 2, 3, 3, 3, 1, 2, 0, 0.00, 0, 'Available', 'company.jpg', '2022-03-22 13:53:43', '2022-03-22 13:53:43'),
(25, 149, 'Bradly Volkman', 'jettie04@example.org', '878-550-2114', 'Qui sed dicta nihil molestiae ut odio. Quia sunt asperiores totam nostrum eum. Quod voluptatum ut id nihil minima. Explicabo ea modi sequi et vitae ratione iusto porro.', '79275 Barry Street Suite 561\nFurmanview, CT 32909-1689', 4, 1, 2, 1, 5, 5, 0, 0.00, 0, 'Available', 'company.jpg', '2022-03-22 13:53:43', '2022-03-22 13:53:43'),
(26, 122, 'Dr. Lynn Kshlerin', 'keegan49@example.net', '904-586-2783', 'Ut et laborum consequatur omnis sed expedita consequatur. Dolores non soluta delectus ut et magnam nisi.', '76765 McCullough Terrace\nNorth Garrett, NH 22752-3932', 3, 5, 1, 4, 5, 4, 0, 0.00, 0, 'Available', 'company.jpg', '2022-03-22 13:53:43', '2022-03-22 13:53:43'),
(27, 148, 'Abigayle Haley', 'dawson.nader@example.net', '1-501-237-2115', 'Magnam cum exercitationem est et commodi voluptate ipsum. Et iusto quo rerum dolorum vitae at. Et blanditiis id quos explicabo quis.', '73361 Marlin Roads\nWest Deloreshaven, CO 12135', 1, 1, 1, 5, 4, 4, 0, 0.00, 0, 'Available', 'slider2.jpg', '2022-03-22 13:53:43', '2022-03-22 13:53:43'),
(28, 123, 'Justine Rutherford', 'ashlee91@example.com', '1-850-736-0155', 'Eum est explicabo ex occaecati. Voluptatem tempore eum alias et quia consectetur. In labore perspiciatis non recusandae. Eum harum ut odit adipisci.', '5770 Dan Ports\nNicolasport, PA 69742-2098', 4, 5, 4, 4, 2, 3, 0, 0.00, 0, 'Available', 'slider.jpg', '2022-03-22 13:53:43', '2022-03-22 13:53:43'),
(29, 128, 'Edison Tromp', 'emerald74@example.com', '307.866.4142', 'Ea quos nesciunt eaque quo similique nihil. Similique doloremque necessitatibus eaque nesciunt aliquid molestiae pariatur est. Doloribus quia et voluptas qui et aspernatur corrupti perspiciatis.', '18500 Schuster Trail\nKeelyport, FL 32067-4524', 1, 2, 3, 2, 1, 3, 0, 0.00, 0, 'Available', 'main.jpg', '2022-03-22 13:53:43', '2022-03-22 13:53:43'),
(30, 110, 'Ericka Ziemann', 'moshe.gorczany@example.net', '(678) 780-5454', 'Reiciendis velit similique ea consequatur ut velit voluptate nobis. Vero autem dicta fugiat. Dicta quaerat assumenda tempora eum reprehenderit sunt. Culpa aspernatur maiores est.', '922 Wilburn Valleys Apt. 180\nReinaberg, VT 11500-2721', 4, 4, 3, 1, 4, 4, 0, 0.00, 0, 'Available', 'main.jpg', '2022-03-22 13:53:43', '2022-03-22 13:53:43'),
(31, 106, 'Serenity Tremblay', 'chase74@example.com', '405-685-1002', 'Autem aut ad pariatur ducimus id voluptatem. Fuga hic sint soluta sit ipsum vero. Non aut magnam velit in.', '49409 Taurean Manor\nSouth Davion, ME 36041', 3, 1, 4, 5, 5, 2, 0, 0.00, 0, 'Available', 'main.jpg', '2022-03-22 13:53:43', '2022-03-22 13:53:43'),
(32, 120, 'Mr. Nicholas Hoeger', 'adonis.kuvalis@example.org', '1-559-221-2178', 'Accusantium quae placeat facilis sunt. Blanditiis corrupti reprehenderit omnis eius eos quis.', '297 Gusikowski Pine Suite 674\nNorth Emilianoville, MA 55291-8496', 4, 4, 2, 5, 1, 2, 0, 0.00, 0, 'Available', 'slider.jpg', '2022-03-22 13:53:43', '2022-03-22 13:53:43'),
(33, 133, 'Birdie Cruickshank', 'walter98@example.org', '(571) 484-1395', 'Accusamus ut cupiditate et error doloremque. Expedita commodi sit occaecati explicabo et reprehenderit iure quae. Asperiores incidunt dolores dignissimos sapiente ut.', '774 Abigail Lodge\nBoganborough, DE 73137-9857', 4, 5, 4, 1, 4, 4, 0, 0.00, 0, 'Available', 'slider2.jpg', '2022-03-22 13:53:43', '2022-03-22 13:53:43'),
(34, 132, 'Dr. Jordan Windler DVM', 'rafael51@example.org', '(559) 973-1248', 'Delectus iusto et totam eaque sunt. Quia corrupti atque qui est ea illo non. Architecto ipsa quis sed molestiae saepe recusandae voluptas eveniet.', '60686 Tracey Ridges Suite 662\nAlphonsoside, WV 21512', 3, 4, 1, 4, 1, 1, 0, 0.00, 0, 'Available', 'main.jpg', '2022-03-22 13:53:43', '2022-03-22 13:53:43'),
(35, 116, 'Hector Sauer', 'matilda.vonrueden@example.com', '640-993-2405', 'Ad dolor labore nihil ea voluptates corrupti aliquam. Ut enim tempora non sit libero est. Molestiae sed sed et magni dolores sed et. Ab alias vel velit hic.', '51469 Shaylee Wall Apt. 609\nBlancheport, NJ 38718-4500', 5, 5, 2, 2, 1, 3, 0, 0.00, 0, 'Available', 'slider2.jpg', '2022-03-22 13:53:43', '2022-03-22 13:53:43'),
(36, 130, 'Norris Sanford IV', 'fabian23@example.com', '838.458.5180', 'Ducimus nobis in sed deserunt corrupti commodi. Enim fugit consequatur est. Iusto laborum aut officia ut fuga. Ut ipsa voluptas occaecati nesciunt. Esse perspiciatis omnis aut vero ducimus.', '619 Heaney Fall Suite 034\nKochborough, ND 14755-3401', 4, 5, 1, 3, 1, 5, 0, 0.00, 0, 'Available', 'slider2.jpg', '2022-03-22 13:53:43', '2022-03-22 13:53:43'),
(37, 138, 'Dr. Macie Schmeler', 'nettie.kub@example.com', '352.759.8796', 'Enim quis voluptatem soluta dignissimos aut odio corrupti. Facilis expedita ipsa omnis voluptate voluptatem est eum. Ut fuga laboriosam aperiam dicta iure.', '1077 Smith Well\nJerryberg, NE 23195', 3, 1, 3, 1, 4, 3, 0, 0.00, 0, 'Available', 'company.jpg', '2022-03-22 13:53:43', '2022-03-22 13:53:43'),
(38, 144, 'Prof. Muhammad D\'Amore DVM', 'ben.nader@example.org', '725.966.4845', 'Ex ea vitae ad velit iste corporis omnis. Ea possimus animi voluptas quo. Est veritatis ducimus et qui quod architecto.', '70290 Penelope Fords\nTitoville, MO 90710-9394', 2, 2, 4, 1, 5, 1, 0, 0.00, 0, 'Available', 'main.jpg', '2022-03-22 13:53:43', '2022-03-22 13:53:43'),
(39, 121, 'Rodrick Cummings', 'dheller@example.net', '1-732-228-1545', 'Nulla quae necessitatibus earum ut ea. Ratione atque nam est et ut quia. Pariatur placeat in illo doloremque consequatur.', '808 Jacobson Pass\nSouth Fabian, ID 57924', 4, 4, 3, 3, 5, 1, 0, 0.00, 0, 'Available', 'main.jpg', '2022-03-22 13:53:43', '2022-03-22 13:53:43'),
(40, 114, 'Ferne Buckridge', 'clair.heathcote@example.org', '(213) 497-6199', 'Eveniet possimus similique accusantium quo et iusto perspiciatis. Quos saepe et ullam. Est voluptatem debitis similique qui. Rerum sed qui est nulla recusandae. Doloremque ut non iure excepturi.', '309 Spinka Mount Apt. 897\nEast Sheilaside, WA 24771-2418', 3, 3, 5, 4, 3, 1, 0, 0.00, 0, 'Available', 'slider2.jpg', '2022-03-22 13:53:43', '2022-03-22 13:53:43'),
(41, 142, 'Krista Turcotte', 'helene70@example.org', '302-489-0892', 'Est aliquid non dolore a aut sapiente. Et voluptatibus et esse accusantium labore et natus. Qui quia laudantium hic voluptatem porro placeat officiis. Voluptas voluptatem atque in quisquam.', '1339 Okuneva Unions\nSouth Stephenland, IN 01730', 5, 5, 5, 2, 2, 1, 0, 0.00, 0, 'Available', 'slider.jpg', '2022-03-22 13:53:43', '2022-03-22 13:53:43'),
(42, 145, 'Prof. Eldon Paucek', 'annetta.ankunding@example.net', '(920) 836-9282', 'Quia natus blanditiis accusantium sunt eligendi et. Mollitia aut laborum sint atque eum nulla sint. Molestias nemo ut veritatis. Nihil eaque et minus magni possimus facilis.', '4977 Lillie Tunnel Suite 561\nJesusborough, ID 46564-1563', 3, 3, 5, 5, 5, 3, 0, 0.00, 0, 'Available', 'slider.jpg', '2022-03-22 13:53:43', '2022-03-22 13:53:43'),
(43, 115, 'Stephany Connelly Jr.', 'edgardo.brown@example.com', '1-503-756-0188', 'Optio maiores voluptatem explicabo velit et accusantium. Sint eum quos sit. Incidunt exercitationem est necessitatibus hic tempora quia.', '57344 Borer Field Apt. 095\nWest Jasper, ND 25893-9274', 2, 3, 4, 4, 4, 5, 0, 0.00, 0, 'Available', 'company.jpg', '2022-03-22 13:53:43', '2022-03-22 13:53:43'),
(44, 103, 'Jett Heaney DDS', 'olson.naomie@example.org', '380-535-3938', 'At occaecati quam dolor quam sit debitis non reiciendis. Reprehenderit maiores cumque et. Quod hic laudantium doloribus dignissimos non et.', '464 Daniel Causeway\nMillerfurt, AZ 76364-7602', 4, 5, 4, 5, 4, 2, 0, 0.00, 0, 'Available', 'company.jpg', '2022-03-22 13:53:43', '2022-03-22 13:53:43'),
(45, 146, 'Fredrick Schneider', 'obie.murazik@example.net', '+1.380.501.5081', 'Incidunt omnis tenetur optio enim corrupti. Dolore quia quod blanditiis fuga sint.', '808 Hickle Mountains\nHerzogmouth, VA 45157', 2, 3, 4, 3, 4, 2, 0, 0.00, 0, 'Available', 'company.jpg', '2022-03-22 13:53:43', '2022-03-22 13:53:43'),
(46, 143, 'Dr. Gilda Thiel', 'kpacocha@example.net', '934.999.5622', 'Voluptas sed tempora velit placeat pariatur. Aut veritatis aliquam dolores est magnam. Illo quidem enim necessitatibus possimus aliquam. Voluptate reprehenderit quasi laudantium alias.', '389 Gutmann Radial Apt. 353\nTowneborough, MD 04318-7136', 3, 4, 1, 3, 1, 2, 0, 0.00, 0, 'Available', 'main.jpg', '2022-03-22 13:53:43', '2022-03-22 13:53:43'),
(47, 102, 'Dominique Macejkovic', 'ioberbrunner@example.net', '+1-352-926-6361', 'Voluptatem ipsum sapiente sunt commodi alias. Ipsa ducimus quas sequi asperiores debitis sint. Tenetur qui odit aut magni corporis.', '23680 Trantow Radial\nMonroefort, LA 73520-1801', 3, 1, 1, 5, 1, 3, 0, 0.00, 0, 'Available', 'main.jpg', '2022-03-22 13:53:43', '2022-03-22 13:53:43'),
(48, 117, 'Prof. Audra Stehr', 'wcole@example.net', '(930) 934-4842', 'Quibusdam corrupti dolorem aspernatur qui quia. Et quo similique nihil. Illum voluptate iure neque dolorum et voluptate.', '10883 Zoey Meadow Apt. 010\nPort Dawnland, NJ 09717-9884', 2, 1, 5, 4, 2, 3, 0, 0.00, 0, 'Available', 'slider2.jpg', '2022-03-22 13:53:43', '2022-03-22 13:53:43'),
(49, 151, 'Mozelle Breitenberg', 'charity76@example.com', '+19799432376', 'Qui aut est molestiae sequi ex. Aut est repellat earum alias et ex et unde. Unde numquam explicabo est quia.', '7953 Camille Freeway Suite 927\nWest Docktown, HI 24313-2426', 4, 5, 5, 2, 3, 5, 0, 0.00, 0, 'Available', 'slider2.jpg', '2022-03-22 13:53:43', '2022-03-22 13:53:43'),
(50, 107, 'Cruz Bartoletti PhD', 'name99@example.org', '650-486-9277', 'Est dignissimos animi ut magni rerum. Tenetur repellat quod incidunt dolores. Fugiat deleniti reiciendis et tempore ipsum at.', '6662 Clementine Haven Apt. 153\nWest Irma, CO 61579', 3, 3, 4, 2, 3, 2, 0, 0.00, 0, 'Available', 'slider2.jpg', '2022-03-22 13:53:43', '2022-03-22 13:53:43');

-- --------------------------------------------------------

--
-- Table structure for table `company_users`
--

CREATE TABLE `company_users` (
  `booking_id` bigint(20) UNSIGNED NOT NULL,
  `user_id` bigint(20) UNSIGNED NOT NULL,
  `company_id` bigint(20) UNSIGNED NOT NULL,
  `user_email` varchar(255) COLLATE utf8mb4_unicode_ci NOT NULL,
  `status` varchar(255) COLLATE utf8mb4_unicode_ci NOT NULL DEFAULT 'pending',
  `phone` varchar(255) COLLATE utf8mb4_unicode_ci NOT NULL,
  `price` int(11) NOT NULL,
  `date` date NOT NULL,
  `created_at` timestamp NULL DEFAULT NULL,
  `updated_at` timestamp NULL DEFAULT NULL
) ENGINE=InnoDB DEFAULT CHARSET=utf8mb4 COLLATE=utf8mb4_unicode_ci;

--
-- Dumping data for table `company_users`
--

INSERT INTO `company_users` (`booking_id`, `user_id`, `company_id`, `user_email`, `status`, `phone`, `price`, `date`, `created_at`, `updated_at`) VALUES
(1, 65, 20, 'raynor.elwin@example.org', 'pending', '305.793.0058', 185, '2007-11-11', '2022-03-22 13:56:19', '2022-03-22 13:56:19'),
(2, 18, 46, 'wyman.lorine@example.org', 'pending', '571.654.4679', 175, '2002-08-08', '2022-03-22 13:56:19', '2022-03-22 13:56:19'),
(3, 90, 39, 'sanford.hailey@example.org', 'pending', '+1-912-983-2765', 209, '2018-02-12', '2022-03-22 13:56:19', '2022-03-22 13:56:19'),
(4, 18, 9, 'daija09@example.com', 'pending', '860-801-7220', 67, '1988-10-02', '2022-03-22 13:56:19', '2022-03-22 13:56:19'),
(5, 62, 19, 'lillie.beahan@example.org', 'pending', '770-464-4818', 147, '2019-06-22', '2022-03-22 13:56:19', '2022-03-22 13:56:19'),
(6, 94, 38, 'ldare@example.net', 'pending', '(272) 769-5691', 51, '1970-11-02', '2022-03-22 13:56:19', '2022-03-22 13:56:19'),
(7, 71, 14, 'pollich.madonna@example.net', 'pending', '+1 (812) 641-6118', 144, '2015-06-11', '2022-03-22 13:56:19', '2022-03-22 13:56:19'),
(8, 72, 29, 'dolly.labadie@example.com', 'pending', '(323) 668-1965', 181, '1979-09-09', '2022-03-22 13:56:19', '2022-03-22 13:56:19'),
(9, 63, 20, 'boyer.halie@example.com', 'pending', '732-320-5242', 178, '1995-05-13', '2022-03-22 13:56:19', '2022-03-22 13:56:19'),
(10, 47, 30, 'monte17@example.org', 'pending', '(406) 830-3627', 77, '1979-01-13', '2022-03-22 13:56:19', '2022-03-22 13:56:19'),
(11, 69, 49, 'ryan.serenity@example.org', 'pending', '+1-928-708-1924', 211, '1995-01-29', '2022-03-22 13:56:19', '2022-03-22 13:56:19'),
(12, 47, 49, 'lemke.alana@example.com', 'pending', '726-789-3054', 128, '1971-05-28', '2022-03-22 13:56:19', '2022-03-22 13:56:19'),
(13, 3, 22, 'barbara68@example.net', 'pending', '802.781.9660', 101, '2011-09-09', '2022-03-22 13:56:19', '2022-03-22 13:56:19'),
(14, 11, 28, 'gerhold.shad@example.org', 'pending', '+1 (402) 762-3014', 161, '2016-06-15', '2022-03-22 13:56:19', '2022-03-22 13:56:19'),
(15, 61, 32, 'nannie54@example.net', 'pending', '832.252.5204', 151, '2001-03-25', '2022-03-22 13:56:19', '2022-03-22 13:56:19'),
(16, 67, 10, 'karolann64@example.org', 'pending', '+1-272-530-4796', 188, '2010-04-09', '2022-03-22 13:56:19', '2022-03-22 13:56:19'),
(17, 21, 39, 'cali16@example.com', 'pending', '+1.651.777.6266', 168, '2011-10-07', '2022-03-22 13:56:19', '2022-03-22 13:56:19'),
(18, 59, 9, 'pagac.alexa@example.org', 'pending', '+1-626-232-0441', 86, '1981-12-21', '2022-03-22 13:56:19', '2022-03-22 13:56:19'),
(19, 17, 33, 'jason97@example.com', 'pending', '+1-458-863-8523', 78, '2011-10-28', '2022-03-22 13:56:19', '2022-03-22 13:56:19'),
(20, 86, 23, 'drunolfsson@example.com', 'pending', '240-627-9000', 167, '1990-10-13', '2022-03-22 13:56:19', '2022-03-22 13:56:19'),
(21, 91, 22, 'vincent.marquardt@example.org', 'pending', '+1.929.288.1155', 94, '2019-11-16', '2022-03-22 13:56:19', '2022-03-22 13:56:19'),
(22, 10, 36, 'hauck.antonia@example.net', 'pending', '+1-786-265-5387', 163, '2018-06-08', '2022-03-22 13:56:19', '2022-03-22 13:56:19'),
(23, 60, 36, 'lkreiger@example.org', 'pending', '+1 (740) 215-0338', 171, '1993-08-05', '2022-03-22 13:56:19', '2022-03-22 13:56:19'),
(24, 58, 23, 'jazmyn83@example.com', 'pending', '+1 (618) 847-3288', 83, '1994-04-08', '2022-03-22 13:56:19', '2022-03-22 13:56:19'),
(25, 27, 34, 'flatley.freda@example.com', 'pending', '+1-786-918-6749', 177, '1985-10-11', '2022-03-22 13:56:19', '2022-03-22 13:56:19'),
(26, 23, 41, 'runolfsson.cassie@example.org', 'pending', '832.813.0776', 147, '2020-03-27', '2022-03-22 13:56:19', '2022-03-22 13:56:19'),
(27, 8, 46, 'alexandrea.adams@example.net', 'pending', '+1 (949) 300-4744', 184, '2007-12-21', '2022-03-22 13:56:19', '2022-03-22 13:56:19'),
(28, 72, 47, 'white.esperanza@example.org', 'pending', '1-615-953-3133', 186, '1999-06-08', '2022-03-22 13:56:19', '2022-03-22 13:56:19'),
(29, 82, 6, 'nglover@example.org', 'pending', '(650) 608-1553', 199, '2009-09-12', '2022-03-22 13:56:19', '2022-03-22 13:56:19'),
(30, 5, 15, 'orn.verlie@example.net', 'pending', '1-765-397-0945', 69, '2007-05-28', '2022-03-22 13:56:19', '2022-03-22 13:56:19'),
(31, 53, 19, 'miracle.veum@example.org', 'pending', '(878) 749-7182', 130, '1989-11-13', '2022-03-22 13:56:19', '2022-03-22 13:56:19'),
(32, 79, 21, 'helen20@example.com', 'pending', '+1.276.702.6871', 216, '2016-01-27', '2022-03-22 13:56:19', '2022-03-22 13:56:19'),
(33, 34, 20, 'mstanton@example.com', 'pending', '1-978-304-8289', 68, '1999-03-27', '2022-03-22 13:56:19', '2022-03-22 13:56:19'),
(34, 81, 11, 'renner.jalen@example.net', 'pending', '+1-707-499-9367', 106, '1988-04-05', '2022-03-22 13:56:19', '2022-03-22 13:56:19'),
(35, 76, 42, 'jarrell.hettinger@example.net', 'pending', '848-222-1572', 124, '1996-07-10', '2022-03-22 13:56:19', '2022-03-22 13:56:19'),
(36, 19, 40, 'smith.karlee@example.org', 'pending', '+1.574.409.2803', 165, '1992-05-19', '2022-03-22 13:56:19', '2022-03-22 13:56:19'),
(37, 100, 13, 'gaylord.alfonso@example.com', 'pending', '970-612-2874', 216, '1999-12-30', '2022-03-22 13:56:19', '2022-03-22 13:56:19'),
(38, 90, 50, 'bert.keeling@example.com', 'pending', '1-469-529-2210', 212, '2013-06-04', '2022-03-22 13:56:19', '2022-03-22 13:56:19'),
(39, 13, 29, 'eveline57@example.org', 'pending', '(754) 562-0177', 158, '1996-01-23', '2022-03-22 13:56:19', '2022-03-22 13:56:19'),
(40, 5, 25, 'shayne18@example.com', 'pending', '+1-931-384-1086', 50, '1981-03-31', '2022-03-22 13:56:19', '2022-03-22 13:56:19'),
(41, 67, 19, 'loconner@example.net', 'pending', '+1-442-938-8897', 86, '1991-01-10', '2022-03-22 13:56:19', '2022-03-22 13:56:19'),
(42, 45, 26, 'king.arvilla@example.org', 'pending', '251-248-4208', 143, '2001-01-07', '2022-03-22 13:56:19', '2022-03-22 13:56:19'),
(43, 61, 16, 'verdie33@example.net', 'pending', '+16514723767', 124, '2001-03-21', '2022-03-22 13:56:19', '2022-03-22 13:56:19'),
(44, 82, 16, 'agnes51@example.org', 'pending', '1-269-379-3078', 69, '1997-09-23', '2022-03-22 13:56:19', '2022-03-22 13:56:19'),
(45, 28, 23, 'brekke.frida@example.net', 'pending', '+1-806-787-7324', 69, '2010-03-12', '2022-03-22 13:56:19', '2022-03-22 13:56:19'),
(46, 7, 40, 'marvin.kayli@example.org', 'pending', '+1.830.867.7592', 189, '1973-05-21', '2022-03-22 13:56:19', '2022-03-22 13:56:19'),
(47, 43, 50, 'cziemann@example.net', 'pending', '(734) 805-9283', 162, '2005-07-08', '2022-03-22 13:56:19', '2022-03-22 13:56:19'),
(48, 13, 40, 'lucious52@example.com', 'pending', '1-281-641-9916', 154, '1975-05-31', '2022-03-22 13:56:19', '2022-03-22 13:56:19'),
(49, 58, 1, 'giovani75@example.org', 'pending', '(425) 687-8197', 58, '2006-12-11', '2022-03-22 13:56:19', '2022-03-22 13:56:19'),
(50, 23, 7, 'waino.lindgren@example.org', 'pending', '(430) 595-0792', 118, '1984-05-02', '2022-03-22 13:56:19', '2022-03-22 13:56:19'),
(51, 86, 33, 'ahmad43@example.net', 'pending', '+1 (239) 231-0317', 114, '1975-08-17', '2022-03-22 13:56:19', '2022-03-22 13:56:19'),
(52, 61, 39, 'eileen05@example.org', 'pending', '+1.620.827.6915', 50, '2015-04-22', '2022-03-22 13:56:19', '2022-03-22 13:56:19'),
(53, 32, 15, 'imoen@example.org', 'pending', '+15049269025', 164, '2020-12-06', '2022-03-22 13:56:19', '2022-03-22 13:56:19'),
(54, 14, 31, 'remington57@example.com', 'pending', '1-320-785-4337', 215, '2009-11-04', '2022-03-22 13:56:19', '2022-03-22 13:56:19'),
(55, 39, 18, 'stehr.jared@example.com', 'pending', '1-417-832-3264', 159, '1971-06-02', '2022-03-22 13:56:19', '2022-03-22 13:56:19'),
(56, 69, 28, 'aracely.witting@example.net', 'pending', '(856) 324-8316', 99, '1986-12-15', '2022-03-22 13:56:19', '2022-03-22 13:56:19'),
(57, 23, 50, 'vkuvalis@example.org', 'pending', '+1-646-996-4491', 133, '1978-09-14', '2022-03-22 13:56:19', '2022-03-22 13:56:19'),
(58, 87, 48, 'trantow.norene@example.com', 'pending', '1-731-460-1213', 115, '2009-05-29', '2022-03-22 13:56:19', '2022-03-22 13:56:19'),
(59, 75, 50, 'yazmin.wyman@example.com', 'pending', '+1 (609) 921-5064', 220, '2003-05-04', '2022-03-22 13:56:19', '2022-03-22 13:56:19'),
(60, 41, 44, 'brakus.johnpaul@example.org', 'pending', '+1 (651) 816-7010', 139, '2014-08-01', '2022-03-22 13:56:19', '2022-03-22 13:56:19'),
(61, 25, 2, 'tomasa.rice@example.org', 'pending', '540.330.1253', 83, '1973-06-12', '2022-03-22 13:56:19', '2022-03-22 13:56:19'),
(62, 3, 27, 'amparo89@example.net', 'pending', '+1-412-301-8225', 92, '2020-02-01', '2022-03-22 13:56:19', '2022-03-22 13:56:19'),
(63, 93, 30, 'erwin42@example.net', 'pending', '+1-314-521-7559', 158, '1988-09-15', '2022-03-22 13:56:19', '2022-03-22 13:56:19'),
(64, 48, 45, 'oscar.stoltenberg@example.com', 'pending', '1-531-265-3060', 213, '1999-06-23', '2022-03-22 13:56:19', '2022-03-22 13:56:19'),
(65, 71, 14, 'jordane.rohan@example.net', 'pending', '+1-339-926-5405', 183, '2005-03-16', '2022-03-22 13:56:19', '2022-03-22 13:56:19'),
(66, 96, 32, 'qwilkinson@example.org', 'pending', '+1 (206) 390-4693', 99, '1997-12-21', '2022-03-22 13:56:19', '2022-03-22 13:56:19'),
(67, 26, 39, 'block.edmond@example.net', 'pending', '+19306362609', 183, '2008-09-23', '2022-03-22 13:56:19', '2022-03-22 13:56:19'),
(68, 28, 43, 'candace63@example.net', 'pending', '+1-724-789-7589', 62, '1983-02-25', '2022-03-22 13:56:19', '2022-03-22 13:56:19'),
(69, 64, 11, 'cole.mohamed@example.org', 'pending', '+14584503918', 162, '2018-01-30', '2022-03-22 13:56:19', '2022-03-22 13:56:19'),
(70, 62, 6, 'weimann.haven@example.org', 'pending', '+1 (775) 369-3537', 124, '2022-02-18', '2022-03-22 13:56:19', '2022-03-22 13:56:19'),
(71, 92, 10, 'mohr.bernice@example.org', 'pending', '(253) 791-3726', 173, '2017-08-09', '2022-03-22 13:56:19', '2022-03-22 13:56:19'),
(72, 94, 23, 'brandon.stroman@example.org', 'pending', '+18013076269', 180, '2004-09-12', '2022-03-22 13:56:19', '2022-03-22 13:56:19'),
(73, 29, 17, 'mcglynn.benton@example.net', 'pending', '+1.606.505.8607', 110, '1980-02-28', '2022-03-22 13:56:19', '2022-03-22 13:56:19'),
(74, 11, 37, 'elisha.kreiger@example.com', 'pending', '364-945-4778', 100, '1995-08-04', '2022-03-22 13:56:19', '2022-03-22 13:56:19'),
(75, 56, 28, 'fcasper@example.net', 'pending', '+18729252728', 149, '2000-07-26', '2022-03-22 13:56:19', '2022-03-22 13:56:19'),
(76, 89, 25, 'lprice@example.org', 'pending', '785.954.6561', 102, '1999-04-23', '2022-03-22 13:56:19', '2022-03-22 13:56:19'),
(77, 32, 27, 'cleta.white@example.org', 'pending', '205.887.2133', 82, '1973-05-08', '2022-03-22 13:56:19', '2022-03-22 13:56:19'),
(78, 47, 31, 'spurdy@example.org', 'pending', '1-704-849-2455', 217, '1979-12-07', '2022-03-22 13:56:19', '2022-03-22 13:56:19'),
(79, 83, 27, 'hills.amelie@example.org', 'pending', '(731) 452-1796', 202, '2012-10-20', '2022-03-22 13:56:19', '2022-03-22 13:56:19'),
(80, 90, 9, 'gstanton@example.com', 'pending', '854-495-6648', 62, '2019-09-25', '2022-03-22 13:56:19', '2022-03-22 13:56:19'),
(81, 86, 19, 'betsy.lebsack@example.net', 'pending', '+1.540.395.9084', 151, '1987-04-10', '2022-03-22 13:56:19', '2022-03-22 13:56:19'),
(82, 32, 39, 'manley78@example.com', 'pending', '240.388.5053', 80, '1994-06-23', '2022-03-22 13:56:19', '2022-03-22 13:56:19'),
(83, 90, 32, 'eduardo.bergstrom@example.org', 'pending', '+17436138246', 144, '2000-10-03', '2022-03-22 13:56:19', '2022-03-22 13:56:19'),
(84, 50, 29, 'darien.schmitt@example.net', 'pending', '(718) 417-3469', 78, '1990-09-26', '2022-03-22 13:56:19', '2022-03-22 13:56:19'),
(85, 18, 11, 'rmurray@example.net', 'pending', '678-312-9679', 115, '2021-01-31', '2022-03-22 13:56:19', '2022-03-22 13:56:19'),
(86, 71, 48, 'ereinger@example.com', 'pending', '469.466.5986', 167, '2009-02-18', '2022-03-22 13:56:19', '2022-03-22 13:56:19'),
(87, 77, 5, 'pfay@example.org', 'pending', '478-840-8705', 110, '1984-03-05', '2022-03-22 13:56:19', '2022-03-22 13:56:19'),
(88, 54, 40, 'romaguera.missouri@example.com', 'pending', '361.652.7229', 134, '1979-07-27', '2022-03-22 13:56:19', '2022-03-22 13:56:19'),
(89, 37, 7, 'margarette.grimes@example.net', 'pending', '(260) 625-0078', 91, '2010-06-19', '2022-03-22 13:56:19', '2022-03-22 13:56:19'),
(90, 25, 30, 'cummerata.june@example.com', 'pending', '1-863-445-8035', 73, '1996-08-15', '2022-03-22 13:56:19', '2022-03-22 13:56:19'),
(91, 89, 19, 'aliza.purdy@example.net', 'pending', '281-383-6770', 205, '1978-01-13', '2022-03-22 13:56:19', '2022-03-22 13:56:19'),
(92, 46, 23, 'oblanda@example.org', 'pending', '801-213-8292', 177, '1972-02-11', '2022-03-22 13:56:19', '2022-03-22 13:56:19'),
(93, 40, 33, 'trever10@example.net', 'pending', '+1-252-593-5391', 57, '1990-12-04', '2022-03-22 13:56:19', '2022-03-22 13:56:19'),
(94, 80, 28, 'dina47@example.com', 'pending', '+14697664637', 52, '1993-12-03', '2022-03-22 13:56:19', '2022-03-22 13:56:19'),
(95, 77, 50, 'violette98@example.org', 'pending', '860.676.6051', 186, '1991-01-14', '2022-03-22 13:56:19', '2022-03-22 13:56:19'),
(96, 74, 23, 'sauer.rasheed@example.org', 'pending', '+12693821204', 196, '1995-01-24', '2022-03-22 13:56:19', '2022-03-22 13:56:19'),
(97, 48, 39, 'delpha51@example.com', 'pending', '+1.516.245.9369', 191, '1992-12-23', '2022-03-22 13:56:19', '2022-03-22 13:56:19'),
(98, 69, 29, 'wiley.hilpert@example.com', 'pending', '1-574-730-2480', 103, '1975-12-07', '2022-03-22 13:56:19', '2022-03-22 13:56:19'),
(99, 20, 17, 'olson.glennie@example.net', 'pending', '(854) 629-3326', 87, '1987-04-27', '2022-03-22 13:56:19', '2022-03-22 13:56:19'),
(100, 51, 26, 'murazik.nyah@example.com', 'pending', '1-270-420-9790', 141, '1980-06-15', '2022-03-22 13:56:19', '2022-03-22 13:56:19');

-- --------------------------------------------------------

--
-- Table structure for table `contacts`
--

CREATE TABLE `contacts` (
  `id` bigint(20) UNSIGNED NOT NULL,
  `contact_name` varchar(255) COLLATE utf8mb4_unicode_ci NOT NULL,
  `contact_email` varchar(255) COLLATE utf8mb4_unicode_ci NOT NULL,
  `contact_phone` varchar(255) COLLATE utf8mb4_unicode_ci NOT NULL,
  `contact_message` text COLLATE utf8mb4_unicode_ci NOT NULL,
  `created_at` timestamp NULL DEFAULT NULL,
  `updated_at` timestamp NULL DEFAULT NULL
) ENGINE=InnoDB DEFAULT CHARSET=utf8mb4 COLLATE=utf8mb4_unicode_ci;

--
-- Dumping data for table `contacts`
--

INSERT INTO `contacts` (`id`, `contact_name`, `contact_email`, `contact_phone`, `contact_message`, `created_at`, `updated_at`) VALUES
(1, 'Betty Gulgowski', 'iva23@example.com', '364.698.8395', 'Fuga et nemo dicta qui non ullam non labore. Provident dolorem odio quam provident assumenda dolorem error ab. Voluptatem ab nisi dolor autem vero amet.', '2022-03-22 13:57:08', '2022-03-22 13:57:08'),
(2, 'Dolly Stoltenberg', 'haag.olaf@example.net', '657-597-2595', 'Amet recusandae soluta distinctio eum asperiores et ut. Beatae facere quae maiores eveniet perspiciatis quo. Aut maxime odit ex ab voluptatem.', '2022-03-22 13:57:08', '2022-03-22 13:57:08'),
(3, 'Mr. Ned Schuster', 'nlowe@example.org', '(580) 598-8278', 'Illum reprehenderit vitae dignissimos nobis excepturi culpa libero. Qui animi quibusdam porro aut. Eum incidunt quidem tenetur quia vero praesentium.', '2022-03-22 13:57:08', '2022-03-22 13:57:08'),
(4, 'Merritt Reilly', 'zoie.schuppe@example.com', '+16469932619', 'Laudantium quos omnis iusto ut id. Voluptas iste pariatur sequi quasi et. Atque sequi recusandae aut reiciendis quisquam molestias. Deserunt consequatur optio ut in ipsam magnam laborum.', '2022-03-22 13:57:08', '2022-03-22 13:57:08'),
(5, 'Clinton Mraz', 'chyna.halvorson@example.org', '+1.283.524.6888', 'Sunt expedita quae sed. Laudantium asperiores repudiandae in dolores. Aspernatur sit voluptas enim qui. Sit quasi in et et nesciunt vero. Enim iste sed modi nesciunt sint.', '2022-03-22 13:57:08', '2022-03-22 13:57:08'),
(6, 'Bryce Keebler', 'stuart.kilback@example.com', '938-228-6273', 'Sint itaque rerum explicabo quidem. Dolore consectetur quibusdam totam cum beatae. Est aut vel qui.', '2022-03-22 13:57:08', '2022-03-22 13:57:08'),
(7, 'Prof. Grady Goodwin', 'vwalter@example.org', '+1.743.375.2468', 'Eveniet ut minima iure esse. Velit debitis ex autem eaque vero. Quae culpa molestias qui dolores consequuntur. Laudantium qui voluptas doloremque et a.', '2022-03-22 13:57:08', '2022-03-22 13:57:08'),
(8, 'Dr. Helena Gutkowski DVM', 'itorphy@example.com', '858.950.7601', 'Est facere esse eos sunt delectus explicabo. Quo quo fugiat ut deserunt. Corporis modi modi voluptatibus tempore et placeat nihil. Veritatis similique illum tempore.', '2022-03-22 13:57:08', '2022-03-22 13:57:08'),
(9, 'Maximo Runolfsdottir', 'slebsack@example.com', '+14326714140', 'Expedita neque dolores ut pariatur voluptatem et temporibus. In incidunt reprehenderit corporis cum voluptates sapiente omnis veniam. Reiciendis explicabo rerum illum est fugiat et laudantium.', '2022-03-22 13:57:08', '2022-03-22 13:57:08'),
(10, 'Jeanie Boyer Sr.', 'nikolaus.rachel@example.net', '+1 (937) 418-5978', 'Ullam eum provident aut quam iste. Odio velit sunt ipsam. In sed ut vel molestiae. Provident voluptates sequi dolor.', '2022-03-22 13:57:08', '2022-03-22 13:57:08'),
(11, 'Lelah Koss', 'mturner@example.net', '+1-725-347-0655', 'Facere architecto iste corrupti. Dolorum pariatur distinctio consequuntur eos quasi voluptatum in. Aut aut et delectus.', '2022-03-22 13:57:08', '2022-03-22 13:57:08'),
(12, 'Geovany Monahan', 'xrenner@example.org', '+13098205847', 'Ut accusantium voluptatibus velit et blanditiis. Sequi fugiat quam incidunt corrupti maxime tempore vel aut. Velit dolorem veritatis in repellat tenetur expedita ut hic.', '2022-03-22 13:57:08', '2022-03-22 13:57:08'),
(13, 'Brionna Krajcik', 'mccullough.marietta@example.org', '+1 (424) 283-0057', 'Sunt doloremque dolores laboriosam provident. Provident natus est ex dolore. Libero in temporibus dicta pariatur qui aut et.', '2022-03-22 13:57:08', '2022-03-22 13:57:08'),
(14, 'Beaulah Cormier', 'torrey.maggio@example.com', '832.839.8492', 'Eos cupiditate omnis et est voluptatem similique rem. Nisi eligendi doloremque sunt accusamus beatae optio doloribus. Aperiam optio at facilis velit. Expedita vel aut aut ratione magnam.', '2022-03-22 13:57:08', '2022-03-22 13:57:08'),
(15, 'Prof. Savion Carroll Sr.', 'erdman.dora@example.com', '(682) 717-7584', 'Soluta excepturi est ipsum vel ipsa id. Ut aut expedita sint enim cum ut sequi. Et corrupti odio ut hic. Recusandae quos unde maxime minus sed perspiciatis.', '2022-03-22 13:57:08', '2022-03-22 13:57:08'),
(16, 'Katheryn Weimann', 'wilderman.wendell@example.net', '(401) 426-2392', 'Quas asperiores velit autem error eum quia maxime. Commodi aspernatur velit magni. Quaerat labore et modi voluptatem.', '2022-03-22 13:57:08', '2022-03-22 13:57:08'),
(17, 'Sherman Bartoletti', 'eemmerich@example.net', '940.629.9909', 'Tenetur expedita fugit vitae itaque sed error. Ut et nihil maxime consequatur quaerat. Sed quibusdam commodi dolor veritatis.', '2022-03-22 13:57:08', '2022-03-22 13:57:08'),
(18, 'Prof. Pierre Fahey', 'rasheed63@example.net', '1-540-538-0213', 'Omnis esse animi eum sapiente sit. Sed modi eos sapiente sint quidem. Consequatur amet aliquid in impedit aut unde.', '2022-03-22 13:57:08', '2022-03-22 13:57:08'),
(19, 'Raheem Murphy I', 'maryse.fay@example.org', '(616) 630-2226', 'Molestiae accusantium enim corporis expedita debitis aut. Veritatis earum consequuntur eligendi velit placeat. In dolores sit illo voluptas laborum non. Ipsa autem quo qui omnis reiciendis.', '2022-03-22 13:57:08', '2022-03-22 13:57:08'),
(20, 'Aisha Conroy', 'iwest@example.com', '307-299-6102', 'Ipsum rerum ut labore laudantium deleniti et. Sunt magni ea possimus corporis dolores dolorem. Debitis ut assumenda ex vel voluptatem voluptatem distinctio voluptas.', '2022-03-22 13:57:08', '2022-03-22 13:57:08'),
(21, 'Lincoln Lakin', 'jjaskolski@example.org', '+12403764338', 'Deleniti consequatur itaque unde ducimus. Vitae temporibus impedit eos eos dolores exercitationem. Sed molestias harum velit soluta placeat recusandae optio. Deleniti qui vero reprehenderit amet.', '2022-03-22 13:57:08', '2022-03-22 13:57:08'),
(22, 'Amalia Sanford', 'damien.grant@example.org', '315.818.3815', 'Facilis dolores excepturi et sapiente ipsam nemo. Dolorem hic voluptate ipsa.', '2022-03-22 13:57:08', '2022-03-22 13:57:08'),
(23, 'Ms. Audrey Jast I', 'jovany.reichert@example.org', '+15593067122', 'Et cupiditate est assumenda perferendis officiis aperiam. Fugit hic distinctio qui sed aut ipsa. Vel labore quidem et est nihil deleniti veritatis. Porro quia voluptas deleniti ea.', '2022-03-22 13:57:08', '2022-03-22 13:57:08'),
(24, 'Jailyn Paucek', 'grayce68@example.net', '+1 (908) 981-9973', 'A veritatis provident veritatis voluptatem et. Eius explicabo eos velit mollitia quidem dolores velit. Et consequuntur sequi est nemo. Ducimus error reiciendis incidunt enim.', '2022-03-22 13:57:08', '2022-03-22 13:57:08'),
(25, 'Nasir Murazik', 'schaefer.betty@example.net', '1-769-892-9445', 'Et omnis molestias omnis expedita ut. Sit necessitatibus sequi sed autem. Distinctio sed quae error et minus. Cupiditate cum et recusandae excepturi amet porro.', '2022-03-22 13:57:08', '2022-03-22 13:57:08'),
(26, 'Minnie Dickens', 'srippin@example.net', '(657) 852-6936', 'Tenetur hic aspernatur rerum impedit commodi repellat iusto. Vero assumenda vero aut dolor. Ducimus eum enim beatae dolor.', '2022-03-22 13:57:08', '2022-03-22 13:57:08'),
(27, 'Belle Gaylord', 'fkuhlman@example.net', '248.985.7046', 'Dicta qui adipisci ducimus. Molestiae et nemo modi doloremque eaque quisquam. Asperiores quas eos quam.', '2022-03-22 13:57:08', '2022-03-22 13:57:08'),
(28, 'Russel Reilly', 'ray.lindgren@example.com', '(470) 464-6587', 'Reiciendis aspernatur laudantium nisi. Qui atque ipsa quam dolorem quasi. Adipisci odit quo asperiores numquam soluta. Cupiditate repellat animi quo accusamus sunt.', '2022-03-22 13:57:08', '2022-03-22 13:57:08'),
(29, 'Lexi Rosenbaum PhD', 'aiden.hessel@example.org', '1-724-497-4010', 'Aut blanditiis ab odio eius dicta alias. Dolore quis doloribus officia voluptas necessitatibus. Molestiae temporibus aspernatur eum sit quidem.', '2022-03-22 13:57:08', '2022-03-22 13:57:08'),
(30, 'Jazmin Rowe', 'juston00@example.org', '+1.781.439.9203', 'Totam libero est exercitationem. Veritatis eum non autem ullam at facere. Autem voluptates perferendis quo atque quia odit atque.', '2022-03-22 13:57:08', '2022-03-22 13:57:08'),
(31, 'Karlee Schmidt', 'deckow.emie@example.net', '272.884.9412', 'Ullam ea sint et velit sapiente. Dignissimos aut quia libero saepe. Adipisci incidunt ea id eaque quia.', '2022-03-22 13:57:08', '2022-03-22 13:57:08'),
(32, 'Jodie Ruecker', 'adolf86@example.net', '+1 (864) 952-3894', 'Fugiat est rem mollitia aut. Placeat et soluta qui non. Odit et suscipit debitis. Perferendis quidem aperiam nesciunt esse est rerum.', '2022-03-22 13:57:08', '2022-03-22 13:57:08'),
(33, 'Katelin Waters', 'ebert.rod@example.net', '480.224.9729', 'Quia atque totam ipsa et odit illum magni odit. Aliquid doloremque vero qui quia laborum sint ut. Quaerat voluptas expedita omnis quas labore natus perferendis.', '2022-03-22 13:57:08', '2022-03-22 13:57:08'),
(34, 'Roman Reilly', 'lowe.fae@example.org', '678-583-2174', 'Quaerat consequuntur aut dolor dolores dolorum aspernatur qui. Et occaecati consequatur sunt consectetur consequatur animi deleniti. Facilis eaque adipisci autem. Ipsam et autem nihil nemo modi.', '2022-03-22 13:57:08', '2022-03-22 13:57:08'),
(35, 'Roselyn Donnelly', 'vhyatt@example.com', '+1.820.428.5103', 'Id molestias unde deleniti aut fugiat reprehenderit ipsum. Doloribus non et repellendus rerum omnis deleniti repellendus. Id cum ut deleniti eum facilis.', '2022-03-22 13:57:08', '2022-03-22 13:57:08'),
(36, 'Spencer Schneider', 'dominique.quitzon@example.org', '405.640.2758', 'Tenetur labore possimus velit qui eligendi sit. Nesciunt nulla quas impedit quos repudiandae quod. Fuga minus non ut fugit temporibus facilis.', '2022-03-22 13:57:08', '2022-03-22 13:57:08'),
(37, 'Dr. Milo Cremin', 'giles75@example.com', '(918) 663-2007', 'Ea quae illo ullam necessitatibus aut aut. Sint consequuntur ea eveniet voluptates. Quis qui omnis praesentium aliquam. Perspiciatis neque labore suscipit sapiente qui suscipit labore.', '2022-03-22 13:57:08', '2022-03-22 13:57:08'),
(38, 'Kelton Ferry', 'ohara.bennie@example.net', '646.848.8428', 'Facere qui veritatis in sed ut doloribus ea sunt. Neque ut amet et veniam. Esse non voluptas est cum asperiores vel.', '2022-03-22 13:57:08', '2022-03-22 13:57:08'),
(39, 'Kellen Cassin', 'ghintz@example.org', '(845) 765-4695', 'Suscipit omnis et eos ut aut quod sed. Est qui quia tempore ipsam.', '2022-03-22 13:57:08', '2022-03-22 13:57:08'),
(40, 'Patricia Willms', 'ozieme@example.org', '(773) 421-2952', 'Voluptate ratione aspernatur omnis. Explicabo magni cum tenetur eum. Quae et et quo accusantium. Non quis sint veritatis est maiores exercitationem repellat voluptatibus.', '2022-03-22 13:57:08', '2022-03-22 13:57:08'),
(41, 'Prof. Marion Monahan PhD', 'ottis96@example.net', '660-863-7297', 'Laudantium illum placeat explicabo qui et animi. Quia aut quod harum est. Non unde iste mollitia.', '2022-03-22 13:57:08', '2022-03-22 13:57:08'),
(42, 'Leon Cassin', 'gladys.crona@example.com', '1-463-552-3772', 'Qui ut sit qui. Et dolor molestias molestiae et vel quam. Quasi dolorem culpa ad provident doloribus aperiam repudiandae.', '2022-03-22 13:57:08', '2022-03-22 13:57:08'),
(43, 'Antonia Stiedemann', 'tomasa.morissette@example.com', '283-642-6470', 'Exercitationem cum eum corrupti occaecati porro. Repellendus nihil enim et. Labore autem ipsum sed incidunt nihil.', '2022-03-22 13:57:08', '2022-03-22 13:57:08'),
(44, 'Mrs. Emilie Homenick III', 'vspencer@example.com', '(424) 274-3993', 'Exercitationem occaecati alias accusantium asperiores illum non reiciendis. Voluptatem repellat officiis voluptatem omnis expedita ipsum voluptas. Numquam ut quam dolorem occaecati.', '2022-03-22 13:57:08', '2022-03-22 13:57:08'),
(45, 'Gabriella Parisian Jr.', 'zborer@example.org', '+19738553524', 'Id quibusdam vel autem soluta voluptatem sit. Qui in saepe architecto. Velit eum excepturi nemo. Qui temporibus eos quaerat adipisci nulla voluptate molestiae perferendis.', '2022-03-22 13:57:08', '2022-03-22 13:57:08'),
(46, 'Godfrey Wolff', 'zulauf.raleigh@example.org', '+1.747.415.1453', 'Possimus odio voluptas et tempora autem enim accusamus non. Dolorem voluptas id facilis dolores. Repudiandae eum officia qui vero recusandae esse sint. Tenetur maxime enim accusantium est.', '2022-03-22 13:57:08', '2022-03-22 13:57:08'),
(47, 'Brock Von', 'zwyman@example.org', '863-724-1478', 'Provident et cum consequatur non accusantium sed mollitia. Eveniet eaque asperiores ut reiciendis neque sequi. Ullam eveniet labore saepe alias. Alias quaerat in minima quia et molestiae.', '2022-03-22 13:57:08', '2022-03-22 13:57:08'),
(48, 'Jamel Kub I', 'barrows.devan@example.com', '+1 (510) 853-3422', 'Aut dolorem iusto officia rerum nulla ullam excepturi. Provident laborum nobis velit nisi perspiciatis. Error ipsa illum et aut.', '2022-03-22 13:57:08', '2022-03-22 13:57:08'),
(49, 'Libby Spencer I', 'zdoyle@example.net', '240.542.9303', 'Mollitia et consequuntur iusto tempore quam. Ratione iure et incidunt quia. Corrupti amet molestiae ipsa perferendis eum sed rerum. Sit illo cupiditate hic sunt.', '2022-03-22 13:57:08', '2022-03-22 13:57:08'),
(50, 'Leslie Mertz', 'jacobson.fritz@example.com', '(952) 952-3158', 'Voluptatem magni omnis dignissimos non accusamus veniam. Veritatis mollitia sapiente beatae ut iste. Rerum sunt dignissimos dolorem est aut. Aut aliquam aut sit est.', '2022-03-22 13:57:08', '2022-03-22 13:57:08');

-- --------------------------------------------------------

--
-- Table structure for table `failed_jobs`
--

CREATE TABLE `failed_jobs` (
  `id` bigint(20) UNSIGNED NOT NULL,
  `uuid` varchar(255) COLLATE utf8mb4_unicode_ci NOT NULL,
  `connection` text COLLATE utf8mb4_unicode_ci NOT NULL,
  `queue` text COLLATE utf8mb4_unicode_ci NOT NULL,
  `payload` longtext COLLATE utf8mb4_unicode_ci NOT NULL,
  `exception` longtext COLLATE utf8mb4_unicode_ci NOT NULL,
  `failed_at` timestamp NOT NULL DEFAULT current_timestamp()
) ENGINE=InnoDB DEFAULT CHARSET=utf8mb4 COLLATE=utf8mb4_unicode_ci;

-- --------------------------------------------------------

--
-- Table structure for table `migrations`
--

CREATE TABLE `migrations` (
  `id` int(10) UNSIGNED NOT NULL,
  `migration` varchar(255) COLLATE utf8mb4_unicode_ci NOT NULL,
  `batch` int(11) NOT NULL
) ENGINE=InnoDB DEFAULT CHARSET=utf8mb4 COLLATE=utf8mb4_unicode_ci;

--
-- Dumping data for table `migrations`
--

INSERT INTO `migrations` (`id`, `migration`, `batch`) VALUES
(1, '2014_10_12_000000_create_users_table', 1),
(2, '2014_10_12_100000_create_password_resets_table', 1),
(3, '2019_08_19_000000_create_failed_jobs_table', 1),
(4, '2019_12_14_000001_create_personal_access_tokens_table', 1),
(5, '2022_02_04_175219_create_companies_table', 1),
(6, '2022_02_05_173015_create_reviews_table', 1),
(7, '2022_02_05_174803_create_company_users_table', 1),
(8, '2022_03_11_133225_create_contacts_table', 1);

-- --------------------------------------------------------

--
-- Table structure for table `password_resets`
--

CREATE TABLE `password_resets` (
  `email` varchar(255) COLLATE utf8mb4_unicode_ci NOT NULL,
  `token` varchar(255) COLLATE utf8mb4_unicode_ci NOT NULL,
  `created_at` timestamp NULL DEFAULT NULL
) ENGINE=InnoDB DEFAULT CHARSET=utf8mb4 COLLATE=utf8mb4_unicode_ci;

-- --------------------------------------------------------

--
-- Table structure for table `personal_access_tokens`
--

CREATE TABLE `personal_access_tokens` (
  `id` bigint(20) UNSIGNED NOT NULL,
  `tokenable_type` varchar(255) COLLATE utf8mb4_unicode_ci NOT NULL,
  `tokenable_id` bigint(20) UNSIGNED NOT NULL,
  `name` varchar(255) COLLATE utf8mb4_unicode_ci NOT NULL,
  `token` varchar(64) COLLATE utf8mb4_unicode_ci NOT NULL,
  `abilities` text COLLATE utf8mb4_unicode_ci DEFAULT NULL,
  `last_used_at` timestamp NULL DEFAULT NULL,
  `created_at` timestamp NULL DEFAULT NULL,
  `updated_at` timestamp NULL DEFAULT NULL
) ENGINE=InnoDB DEFAULT CHARSET=utf8mb4 COLLATE=utf8mb4_unicode_ci;

-- --------------------------------------------------------

--
-- Table structure for table `reviews`
--

CREATE TABLE `reviews` (
  `review_id` bigint(20) UNSIGNED NOT NULL,
  `user_id` bigint(20) UNSIGNED NOT NULL,
  `company_id` bigint(20) UNSIGNED NOT NULL,
  `review_body` varchar(255) COLLATE utf8mb4_unicode_ci NOT NULL,
  `review_rate` int(11) NOT NULL,
  `created_at` timestamp NULL DEFAULT NULL,
  `updated_at` timestamp NULL DEFAULT NULL
) ENGINE=InnoDB DEFAULT CHARSET=utf8mb4 COLLATE=utf8mb4_unicode_ci;

--
-- Dumping data for table `reviews`
--

INSERT INTO `reviews` (`review_id`, `user_id`, `company_id`, `review_body`, `review_rate`, `created_at`, `updated_at`) VALUES
(1, 83, 47, 'Delectus aut quam autem rem ducimus molestiae. Molestiae aut fugiat consectetur enim ad et quos aspernatur. Non ut fuga voluptatem deserunt non porro.', 4, '2022-03-22 13:58:15', '2022-03-22 13:58:15'),
(2, 2, 1, 'Repudiandae id et itaque ut. Dolorem voluptas dolores sed possimus libero. Quasi sit laborum eum consequatur.', 1, '2022-03-22 13:58:15', '2022-03-22 13:58:15'),
(3, 46, 30, 'Ea odit eveniet asperiores harum enim. Veniam minima consequatur eum sint. Excepturi cupiditate velit aliquam accusamus perspiciatis nobis earum. Ipsa quam sequi voluptatum fugiat.', 2, '2022-03-22 13:58:15', '2022-03-22 13:58:15'),
(4, 15, 22, 'Voluptas hic tenetur et rerum qui modi ipsam. Debitis blanditiis nisi earum voluptatem quibusdam dolores ex. Est sed recusandae numquam voluptatem officiis eius. Necessitatibus aperiam eum quae.', 4, '2022-03-22 13:58:15', '2022-03-22 13:58:15'),
(5, 78, 13, 'Libero sapiente sint sed aliquid. Veritatis optio consequatur qui molestiae non tempore. Explicabo voluptate illum nemo saepe.', 4, '2022-03-22 13:58:15', '2022-03-22 13:58:15'),
(6, 84, 41, 'Esse doloribus dolorem voluptatem saepe perferendis sit praesentium. Dolorem assumenda laudantium exercitationem animi. Accusantium veniam vero quia mollitia itaque qui ut.', 5, '2022-03-22 13:58:15', '2022-03-22 13:58:15'),
(7, 22, 28, 'Tempore quis et dolor. Magnam nesciunt dolores corporis ipsam sed. Et repellendus itaque magni quaerat commodi. Ut aperiam enim vitae neque voluptatem.', 4, '2022-03-22 13:58:15', '2022-03-22 13:58:15'),
(8, 6, 10, 'Deserunt qui impedit et fuga quam in. Voluptatem fuga ducimus eligendi. Reiciendis qui ut suscipit veritatis.', 4, '2022-03-22 13:58:15', '2022-03-22 13:58:15'),
(9, 59, 16, 'Est illum eaque qui eligendi similique voluptatem qui commodi. Pariatur sit magni accusantium odio. Maxime et dolores et quam qui est.', 1, '2022-03-22 13:58:15', '2022-03-22 13:58:15'),
(10, 34, 49, 'Consequatur temporibus ullam soluta dolorem debitis tempora laborum. Voluptatem similique vitae vitae et. Nisi deserunt excepturi recusandae culpa officiis.', 1, '2022-03-22 13:58:15', '2022-03-22 13:58:15'),
(11, 87, 12, 'Et possimus nulla consequatur possimus. Explicabo consequatur numquam sint in dolores voluptas. Consequuntur dolorem rem dolorem quas molestiae earum. Aliquid incidunt est magni earum.', 2, '2022-03-22 13:58:15', '2022-03-22 13:58:15'),
(12, 61, 27, 'Est assumenda amet facilis at error ut ut. Facere et eum exercitationem quo et quos tenetur. Voluptates in tenetur perspiciatis debitis tempore. Numquam reiciendis velit asperiores eos id minima.', 3, '2022-03-22 13:58:15', '2022-03-22 13:58:15'),
(13, 23, 25, 'Deserunt explicabo animi vero error facilis porro. Voluptatem cumque illo doloribus voluptatem repellendus. Suscipit porro non deserunt.', 3, '2022-03-22 13:58:15', '2022-03-22 13:58:15'),
(14, 60, 15, 'Odio et ex nostrum eius autem rerum architecto possimus. Qui vero vitae omnis. Autem eum ad illo perferendis.', 3, '2022-03-22 13:58:15', '2022-03-22 13:58:15'),
(15, 45, 1, 'Soluta at ullam saepe nihil unde ut rem. A occaecati natus ut consequatur aperiam. Necessitatibus consequatur accusamus cumque eius.', 1, '2022-03-22 13:58:15', '2022-03-22 13:58:15'),
(16, 93, 43, 'Neque ea molestias consequatur et tempore. Amet inventore ut dolor quis. In autem nobis rerum qui autem reprehenderit. Excepturi nam nemo iusto quam reiciendis et earum.', 1, '2022-03-22 13:58:15', '2022-03-22 13:58:15'),
(17, 63, 43, 'Animi vel repellendus ea dolore numquam. Repellendus laudantium sequi error aut aut soluta. Aut quis nemo cum placeat fuga et totam.', 3, '2022-03-22 13:58:15', '2022-03-22 13:58:15'),
(18, 65, 20, 'Deleniti et recusandae nihil molestiae et. Libero molestiae est amet eius dolorem cupiditate. Unde et blanditiis consequatur et.', 5, '2022-03-22 13:58:15', '2022-03-22 13:58:15'),
(19, 74, 6, 'Illo ea minus provident veritatis tempore et. Dolores ex velit minus qui quis. Et deserunt aspernatur excepturi amet et aut. Quidem quasi blanditiis doloribus. Adipisci consequatur sequi et odit.', 5, '2022-03-22 13:58:15', '2022-03-22 13:58:15'),
(20, 38, 30, 'Dolores consequatur asperiores ut dolore asperiores aliquid beatae inventore. Iusto nisi libero est nobis numquam eaque optio harum.', 1, '2022-03-22 13:58:15', '2022-03-22 13:58:15'),
(21, 44, 10, 'Ut cum adipisci natus non. Officia esse maiores voluptatum. Nesciunt et consequatur esse. Ipsum exercitationem ut consequatur qui voluptates rerum est.', 3, '2022-03-22 13:58:15', '2022-03-22 13:58:15'),
(22, 86, 24, 'Sit quam reiciendis consectetur natus inventore ab suscipit. Voluptates qui ut aliquid ratione expedita ut doloribus. Necessitatibus deserunt omnis repudiandae aliquid.', 4, '2022-03-22 13:58:15', '2022-03-22 13:58:15'),
(23, 28, 1, 'Quia autem animi aut necessitatibus nam quod. Autem illo aut non ipsa. Quis eius suscipit autem et quas itaque. Esse velit quos et.', 3, '2022-03-22 13:58:15', '2022-03-22 13:58:15'),
(24, 11, 26, 'Nam quidem fugiat ut blanditiis nihil culpa error dolores. Numquam debitis eos deserunt porro. Ut tenetur corrupti dolores aut.', 5, '2022-03-22 13:58:15', '2022-03-22 13:58:15'),
(25, 26, 10, 'Dignissimos aut molestias est eius ut qui. Dicta expedita rerum corporis nobis. Quis rerum consequuntur voluptas quis.', 2, '2022-03-22 13:58:15', '2022-03-22 13:58:15'),
(26, 70, 7, 'Impedit veritatis rem ratione. Impedit itaque ut id voluptatem. Delectus eius officiis cumque nam. Rerum qui aliquam eum est modi.', 1, '2022-03-22 13:58:15', '2022-03-22 13:58:15'),
(27, 43, 24, 'Qui et eum cumque quaerat est cum. Cum amet officia ea nihil assumenda voluptate. Officia enim a possimus occaecati possimus perferendis distinctio.', 4, '2022-03-22 13:58:15', '2022-03-22 13:58:15'),
(28, 90, 36, 'Veniam recusandae qui omnis. Quas repellat quo ut et. Quae culpa quae neque atque.', 2, '2022-03-22 13:58:15', '2022-03-22 13:58:15'),
(29, 14, 33, 'Blanditiis ducimus quaerat ut aut soluta optio. Adipisci illum ad exercitationem rem expedita eligendi qui qui. Sit provident facilis porro iure. Ea pariatur quam qui placeat.', 2, '2022-03-22 13:58:15', '2022-03-22 13:58:15'),
(30, 67, 49, 'Odit vel quia nisi tempore vel provident ut. Est ex sed cumque qui quas. Voluptatem et ut praesentium sapiente. Porro eveniet hic similique non.', 4, '2022-03-22 13:58:15', '2022-03-22 13:58:15'),
(31, 81, 2, 'Quisquam odit sed consequatur. Ad quia explicabo sit. Molestias non quia ipsam velit similique aut. Quisquam eos exercitationem voluptatum quia voluptatum pariatur.', 4, '2022-03-22 13:58:15', '2022-03-22 13:58:15'),
(32, 17, 12, 'Aliquid eveniet a maiores. Dolorum esse voluptatum qui. Consequuntur dolor eius molestiae. Nemo sit quia rerum possimus tempora dolor nobis.', 5, '2022-03-22 13:58:15', '2022-03-22 13:58:15'),
(33, 40, 14, 'Sit blanditiis aut delectus saepe autem nemo. Aliquid iste qui est voluptate deserunt ea.', 1, '2022-03-22 13:58:15', '2022-03-22 13:58:15'),
(34, 91, 17, 'Amet dolorum modi necessitatibus quo. Tenetur inventore optio ut sed. Occaecati dolor aut autem iusto. Possimus fugit et et ab fugiat repellendus. Commodi aut est soluta debitis quia aut.', 2, '2022-03-22 13:58:15', '2022-03-22 13:58:15'),
(35, 55, 38, 'Est aspernatur accusamus praesentium nihil magni neque. Ex dolore distinctio molestiae est. Autem harum sed ut perferendis ducimus nesciunt cum.', 2, '2022-03-22 13:58:15', '2022-03-22 13:58:15'),
(36, 69, 2, 'Libero dolorem blanditiis molestias qui omnis quos velit. Aperiam omnis sed delectus commodi odit. Porro distinctio sit alias et aut rerum.', 1, '2022-03-22 13:58:15', '2022-03-22 13:58:15'),
(37, 12, 44, 'Dicta laboriosam corrupti magni facere nisi. Error nam quo porro aliquid. Voluptatem tenetur et odit temporibus. Cumque aliquam ab et quidem deserunt qui aliquid.', 5, '2022-03-22 13:58:15', '2022-03-22 13:58:15'),
(38, 101, 36, 'Incidunt aut eum quia sunt. Voluptatem est sequi molestias voluptatem. Molestias quidem officiis numquam cumque adipisci sit qui. Sed delectus unde ratione qui laborum nam ipsa.', 1, '2022-03-22 13:58:15', '2022-03-22 13:58:15'),
(39, 5, 40, 'Et corrupti corrupti culpa. Impedit non atque quo qui amet voluptatum. Eligendi voluptatem molestias veniam laboriosam rerum. Suscipit dolorum possimus beatae totam et ad.', 2, '2022-03-22 13:58:15', '2022-03-22 13:58:15'),
(40, 50, 38, 'Aut modi accusantium ea velit. Eligendi aut sit voluptas voluptate quibusdam magnam. Voluptatem blanditiis sit autem minima voluptas perferendis vitae. Dolor distinctio eveniet sequi ut iste ab.', 4, '2022-03-22 13:58:15', '2022-03-22 13:58:15'),
(41, 36, 9, 'Id numquam aut voluptatem ea debitis porro. Quibusdam sunt repellat unde vero voluptatem. Consequatur et est eaque iure quia. Neque reprehenderit saepe ut id.', 1, '2022-03-22 13:58:15', '2022-03-22 13:58:15'),
(42, 94, 15, 'Ad provident fuga velit numquam aut repudiandae. Occaecati rerum eius minus odit. Necessitatibus exercitationem dolorem et qui. Non rerum eum a sit repellendus autem alias cupiditate.', 2, '2022-03-22 13:58:15', '2022-03-22 13:58:15'),
(43, 29, 35, 'Voluptatem harum esse delectus perspiciatis illo nihil. Quisquam iste ut omnis qui. Et dolor consequatur asperiores eius quam.', 1, '2022-03-22 13:58:15', '2022-03-22 13:58:15'),
(44, 58, 22, 'Eum necessitatibus omnis perspiciatis. Ipsum dolores voluptate sapiente dolores atque laboriosam incidunt. Officiis doloribus et ducimus repellendus possimus.', 5, '2022-03-22 13:58:15', '2022-03-22 13:58:15'),
(45, 77, 17, 'Modi beatae cupiditate hic accusamus molestiae beatae. Tempore amet eos sequi suscipit voluptatibus voluptatibus eos. Velit odit vel omnis eos esse dolore.', 2, '2022-03-22 13:58:15', '2022-03-22 13:58:15'),
(46, 76, 5, 'Eius dolores hic officia est magnam eligendi optio. Dolorum ut et hic temporibus recusandae quia optio blanditiis. Sed a iste quia optio aut tempore aut.', 3, '2022-03-22 13:58:15', '2022-03-22 13:58:15'),
(47, 54, 7, 'Animi eveniet ex culpa voluptatibus aut. Quod sequi veniam blanditiis eos voluptates. Est debitis aliquid facere ut. Sequi ut modi sit dolore magni.', 4, '2022-03-22 13:58:15', '2022-03-22 13:58:15'),
(48, 49, 20, 'Id maiores exercitationem error aliquam aspernatur. Quos debitis molestiae aut voluptas libero esse. Qui nesciunt vel sit qui velit aliquid similique. Repudiandae et voluptas voluptatum veniam.', 3, '2022-03-22 13:58:15', '2022-03-22 13:58:15'),
(49, 24, 43, 'Perspiciatis labore esse et rerum. Consequatur aliquam occaecati et et voluptatibus aut magni. Ut tempora cupiditate quo voluptas ipsum qui eum. Molestiae temporibus omnis ut.', 5, '2022-03-22 13:58:15', '2022-03-22 13:58:15'),
(50, 53, 47, 'Iste optio error sint quod qui. Sint accusantium quo corrupti harum esse. Ut officiis aliquam aut sit accusamus.', 2, '2022-03-22 13:58:15', '2022-03-22 13:58:15'),
(51, 48, 33, 'Omnis quisquam quos harum sapiente. Aliquid doloribus asperiores libero minima hic qui. Unde expedita temporibus officiis ullam similique.', 2, '2022-03-22 13:58:15', '2022-03-22 13:58:15'),
(52, 42, 49, 'Molestiae tenetur ipsam rerum illum non ut. Unde et et tempore optio temporibus autem eligendi. Quibusdam sed ea vero fugiat consectetur dolorum.', 1, '2022-03-22 13:58:15', '2022-03-22 13:58:15'),
(53, 52, 14, 'Hic totam suscipit dolor. Non nam et et nemo praesentium culpa rerum. Consequuntur fugiat consequuntur eos aliquid ex mollitia. Voluptatibus sed autem totam.', 1, '2022-03-22 13:58:15', '2022-03-22 13:58:15'),
(54, 27, 33, 'Labore fugiat dolore voluptas incidunt possimus voluptas eaque. Aut adipisci autem facilis quo. Est sequi occaecati laudantium qui.', 3, '2022-03-22 13:58:15', '2022-03-22 13:58:15'),
(55, 30, 24, 'Et nesciunt quos dignissimos et ratione porro et. Assumenda delectus qui beatae dolorum qui. Non iure quae voluptas et.', 5, '2022-03-22 13:58:15', '2022-03-22 13:58:15'),
(56, 92, 45, 'Nihil omnis voluptates asperiores sit consequatur repellendus. Quaerat itaque eligendi debitis pariatur eveniet cumque. Officia ad veniam est quod.', 1, '2022-03-22 13:58:15', '2022-03-22 13:58:15'),
(57, 68, 9, 'Id expedita tempora laborum quis. Et aspernatur sint praesentium id aut. Sunt sapiente est ea veniam aut id.', 4, '2022-03-22 13:58:15', '2022-03-22 13:58:15'),
(58, 96, 11, 'Ea quo sed rerum qui odio recusandae eos. Tempore voluptas explicabo alias dolorem ipsa et. Fuga et aspernatur assumenda vel consequatur. Magni consequatur in quam earum ad excepturi id.', 5, '2022-03-22 13:58:15', '2022-03-22 13:58:15'),
(59, 75, 6, 'Aliquid et quae cupiditate. Vel ducimus dolorem nulla optio quos. Sit ut qui totam laudantium eaque est.', 2, '2022-03-22 13:58:15', '2022-03-22 13:58:15'),
(60, 10, 25, 'Inventore qui sit deleniti ea sit nisi qui. Facilis voluptate quo quod ratione. Nemo inventore dolorum repellat praesentium.', 4, '2022-03-22 13:58:15', '2022-03-22 13:58:15'),
(61, 100, 23, 'Sunt assumenda sunt praesentium cum occaecati qui laborum. Aut autem rerum aut iusto earum. Sit ea labore et voluptatibus laborum.', 1, '2022-03-22 13:58:15', '2022-03-22 13:58:15'),
(62, 56, 45, 'Nihil omnis est quibusdam consequatur adipisci ut. Dolores saepe optio qui qui fuga. Velit voluptatum quas sunt porro eius iste voluptates.', 1, '2022-03-22 13:58:15', '2022-03-22 13:58:15'),
(63, 51, 19, 'Rerum eius aut deserunt voluptas. Enim debitis odit qui doloremque sed eligendi impedit. Ullam nihil quidem hic non. Asperiores ab saepe voluptas velit.', 4, '2022-03-22 13:58:15', '2022-03-22 13:58:15'),
(64, 85, 5, 'Numquam rem odio ut alias. Et nemo rem dolorem molestiae neque facere. Unde odio optio animi enim. Fugiat asperiores soluta beatae.', 1, '2022-03-22 13:58:15', '2022-03-22 13:58:15'),
(65, 66, 48, 'Accusantium quibusdam eveniet doloribus dolore. Hic est numquam eos aliquid velit dolorem provident omnis. Iusto molestias optio nostrum maxime eius cumque consequatur.', 5, '2022-03-22 13:58:15', '2022-03-22 13:58:15'),
(66, 20, 42, 'Velit facere enim in sit voluptatem. Eum dolorem consequatur repellendus nemo incidunt aut dolorum.', 4, '2022-03-22 13:58:15', '2022-03-22 13:58:15'),
(67, 82, 48, 'Dolore ratione repudiandae et. Illum et consectetur est voluptates. Et ea mollitia deserunt assumenda aut expedita dolorum.', 4, '2022-03-22 13:58:15', '2022-03-22 13:58:15'),
(68, 95, 11, 'Molestias sit omnis molestiae ut. Sit accusantium officia porro dolore error. Doloremque maiores ut debitis provident quod tenetur.', 4, '2022-03-22 13:58:15', '2022-03-22 13:58:15'),
(69, 79, 48, 'Tempora voluptas reiciendis quod. Nam tempore qui suscipit. Itaque beatae enim et numquam dolore qui.', 4, '2022-03-22 13:58:15', '2022-03-22 13:58:15'),
(70, 97, 24, 'Odit inventore illum libero ut blanditiis tenetur. Perferendis magni laborum nihil itaque totam culpa. Esse officiis debitis est harum ipsam commodi. Qui et qui dignissimos nesciunt.', 5, '2022-03-22 13:58:15', '2022-03-22 13:58:15'),
(71, 89, 41, 'Animi quis minus error consequatur voluptas adipisci. Dicta totam rem ex sapiente. Delectus aut blanditiis quis quasi.', 2, '2022-03-22 13:58:15', '2022-03-22 13:58:15'),
(72, 88, 45, 'Laborum laborum itaque pariatur porro quisquam veniam esse et. Soluta reprehenderit est sunt voluptates et temporibus molestiae. Omnis qui omnis est. At et hic doloremque.', 1, '2022-03-22 13:58:15', '2022-03-22 13:58:15'),
(73, 39, 25, 'Ut quasi deserunt sint dolorem qui reprehenderit commodi. Et repellat inventore qui asperiores magni. Consequatur similique nulla repellendus totam cum voluptas consequatur.', 3, '2022-03-22 13:58:15', '2022-03-22 13:58:15'),
(74, 16, 17, 'Ipsam quidem atque minima. Unde non libero dolores voluptates fuga animi minus. Mollitia occaecati voluptatem quis cumque qui voluptas odit recusandae. Facere sed adipisci voluptas illum autem.', 2, '2022-03-22 13:58:15', '2022-03-22 13:58:15'),
(75, 98, 36, 'Ipsa est quos autem corporis et repudiandae consequatur. Iure corrupti quo molestiae doloremque. Dolore quidem quis dolor pariatur.', 3, '2022-03-22 13:58:15', '2022-03-22 13:58:15'),
(76, 99, 42, 'Quasi distinctio dolorem beatae aut dolor sed rerum. Sit dicta ut rerum.', 1, '2022-03-22 13:58:15', '2022-03-22 13:58:15'),
(77, 19, 13, 'Repudiandae odio molestiae et corrupti qui qui. Est delectus perspiciatis consectetur architecto ducimus aut. Provident minus qui necessitatibus cumque.', 5, '2022-03-22 13:58:15', '2022-03-22 13:58:15'),
(78, 57, 11, 'Ut quaerat assumenda atque quis. Tempore non odit consequatur asperiores magni. Quas adipisci laudantium iste ratione vel qui sed.', 5, '2022-03-22 13:58:15', '2022-03-22 13:58:15'),
(79, 25, 12, 'Commodi quaerat quam nemo excepturi quia nemo a. Temporibus aliquid explicabo sint blanditiis. Nihil facere ut dolorum nam nihil placeat.', 2, '2022-03-22 13:58:15', '2022-03-22 13:58:15'),
(80, 18, 21, 'Asperiores quia nisi a occaecati vitae. Repellendus id laudantium rerum. Voluptates debitis et libero quos eum minus.', 4, '2022-03-22 13:58:15', '2022-03-22 13:58:15'),
(81, 21, 30, 'Vel voluptatem in suscipit aut quas. Eos ad voluptatem nesciunt quis pariatur veritatis aut qui. Quia debitis amet ea nam et.', 4, '2022-03-22 13:58:15', '2022-03-22 13:58:15'),
(82, 35, 40, 'Fugit rerum quisquam voluptatem ut ut magni. Possimus atque possimus nam adipisci modi quisquam. Quas illo dolorum doloribus dolore. Tempora placeat tempore qui. Corrupti ut non inventore.', 5, '2022-03-22 13:58:15', '2022-03-22 13:58:15'),
(83, 41, 20, 'Itaque quaerat culpa eum ut. Quis architecto atque dolor id est reiciendis mollitia possimus. Sapiente aut minus neque placeat voluptate aperiam natus. Et iste quo voluptate sunt aut harum.', 5, '2022-03-22 13:58:15', '2022-03-22 13:58:15'),
(84, 47, 46, 'Dolorem et culpa quod ad odit blanditiis. Dolorem aut unde quisquam officia officiis. Quasi voluptas officiis sunt consequatur sint temporibus harum enim.', 5, '2022-03-22 13:58:15', '2022-03-22 13:58:15'),
(85, 71, 4, 'Eos autem doloremque aut voluptas. Sunt qui voluptatem perferendis inventore aliquam beatae dolorem. Voluptates libero aut quia sint qui.', 3, '2022-03-22 13:58:15', '2022-03-22 13:58:15'),
(86, 4, 19, 'Assumenda minus quia velit eos rerum et. Ut ex omnis autem amet. Pariatur voluptatum unde repudiandae et ipsum. Earum sit quia quia nisi.', 4, '2022-03-22 13:58:15', '2022-03-22 13:58:15'),
(87, 8, 38, 'Nostrum omnis neque voluptatum exercitationem. Qui et ut quam non nesciunt est delectus. Expedita rerum non ut maxime.', 3, '2022-03-22 13:58:15', '2022-03-22 13:58:15'),
(88, 7, 9, 'Ex et magnam laudantium enim. Perspiciatis quod porro voluptatem numquam voluptate aut rerum. Ullam dolorum quia est non doloremque molestiae.', 1, '2022-03-22 13:58:15', '2022-03-22 13:58:15'),
(89, 64, 7, 'Porro aut consequuntur officia mollitia ab. Quas molestiae non natus ipsam. Nihil et voluptas mollitia et est. Inventore nam voluptas maiores veritatis eveniet rerum.', 1, '2022-03-22 13:58:15', '2022-03-22 13:58:15'),
(90, 33, 11, 'In libero soluta corrupti aliquid placeat et. Officia optio perferendis nobis. Ea quae illo et numquam voluptatem quae error.', 1, '2022-03-22 13:58:15', '2022-03-22 13:58:15'),
(91, 3, 45, 'Non esse qui quasi aliquam veritatis. Voluptatibus et blanditiis et perferendis itaque deleniti in.', 1, '2022-03-22 13:58:15', '2022-03-22 13:58:15'),
(92, 80, 19, 'Voluptatem velit suscipit ut error qui laborum autem accusamus. Ut reprehenderit et tempora reprehenderit accusamus. Praesentium animi enim cupiditate et. Aut earum illo dolore quae quia.', 5, '2022-03-22 13:58:15', '2022-03-22 13:58:15'),
(93, 37, 16, 'Dolores nemo aperiam quia ipsum vitae maxime. Qui expedita commodi distinctio nobis. Qui et perferendis culpa eos consectetur saepe aut. Nostrum nesciunt repellat non dolores eum autem.', 3, '2022-03-22 13:58:15', '2022-03-22 13:58:15'),
(94, 13, 15, 'Excepturi pariatur qui voluptatem autem suscipit cupiditate qui. Aut quaerat omnis qui omnis cumque iure. Consectetur temporibus et velit culpa omnis. Amet sed ut non nemo qui.', 2, '2022-03-22 13:58:15', '2022-03-22 13:58:15'),
(95, 73, 50, 'Qui nobis natus deserunt atque quisquam sed et. Laudantium ullam aut rerum pariatur vitae ut porro. Quos sit debitis aliquid voluptatem itaque voluptatem.', 4, '2022-03-22 13:58:15', '2022-03-22 13:58:15'),
(96, 72, 31, 'Enim ratione dolor doloremque autem. Ut mollitia aliquam voluptatibus dolorum magnam est. Debitis maiores quia temporibus eos at est.', 3, '2022-03-22 13:58:15', '2022-03-22 13:58:15'),
(97, 62, 32, 'Dolor fuga magnam enim est. Rerum exercitationem aut et et voluptatem reprehenderit voluptate consequatur. Est esse dolores quos sed temporibus rem repudiandae.', 3, '2022-03-22 13:58:15', '2022-03-22 13:58:15'),
(98, 31, 21, 'Beatae deserunt autem qui ipsum natus illo adipisci quae. Consequuntur amet iusto qui eveniet. Voluptatem cum voluptate libero.', 2, '2022-03-22 13:58:15', '2022-03-22 13:58:15'),
(99, 32, 26, 'Incidunt eos adipisci et. Ea delectus officiis quidem aut occaecati enim. Ut pariatur animi corrupti eius. Explicabo rerum non ea.', 4, '2022-03-22 13:58:15', '2022-03-22 13:58:15'),
(100, 9, 13, 'Officia dolor rem maiores et sint. Et harum voluptas eos sit doloribus est. Non eligendi velit et non dicta. Ratione laboriosam dolorum ea dolorum a enim.', 1, '2022-03-22 13:58:15', '2022-03-22 13:58:15');

-- --------------------------------------------------------

--
-- Table structure for table `users`
--

CREATE TABLE `users` (
  `id` bigint(20) UNSIGNED NOT NULL,
  `name` varchar(255) COLLATE utf8mb4_unicode_ci NOT NULL,
  `email` varchar(255) COLLATE utf8mb4_unicode_ci NOT NULL,
  `phone` varchar(255) COLLATE utf8mb4_unicode_ci NOT NULL DEFAULT '0',
  `role` varchar(255) COLLATE utf8mb4_unicode_ci NOT NULL DEFAULT 'user',
  `email_verified_at` timestamp NULL DEFAULT NULL,
  `password` varchar(255) COLLATE utf8mb4_unicode_ci NOT NULL,
  `image` text COLLATE utf8mb4_unicode_ci NOT NULL,
  `remember_token` varchar(100) COLLATE utf8mb4_unicode_ci DEFAULT NULL,
  `created_at` timestamp NULL DEFAULT NULL,
  `updated_at` timestamp NULL DEFAULT NULL
) ENGINE=InnoDB DEFAULT CHARSET=utf8mb4 COLLATE=utf8mb4_unicode_ci;

--
-- Dumping data for table `users`
--

INSERT INTO `users` (`id`, `name`, `email`, `phone`, `role`, `email_verified_at`, `password`, `image`, `remember_token`, `created_at`, `updated_at`) VALUES
(1, 'admin', 'admin@gmail.com', '0', 'admin', NULL, '$2y$10$ZVsM8Hz3R0aD6J9pqxeYauRlipS1zoUC2Sq9vSyh7Yp64gHhkD7Ju', 'user.png', NULL, '2022-03-22 13:46:48', '2022-03-22 13:46:48'),
(2, 'Shanelle Sporer', 'labadie.hardy@example.org', '1-650-367-5406', 'user', '2022-03-22 13:49:31', '$2y$10$4v7uv7ox9E9jsMQC5iOJjelC4arkNXrL8VFrN4uqjUO8qZzE.pJpK', 'user.png', 'QxDsd7nKyg', '2022-03-22 13:49:40', '2022-03-22 13:49:40'),
(3, 'Darwin Johnston', 'queen15@example.org', '+1-364-448-3790', 'user', '2022-03-22 13:49:31', '$2y$10$74xbF8ervssfVPA8YKTv/OdxqBN4Hh36Iul4HjgsDlI0cDljW7706', 'user.png', 'bs9wEyHHs5', '2022-03-22 13:49:40', '2022-03-22 13:49:40'),
(4, 'Margaretta Schamberger', 'willms.odie@example.net', '+12545981198', 'user', '2022-03-22 13:49:31', '$2y$10$FMI9bjhPd2iEekl0k3czde5F92xGPWGaMO6QPgevHxzpMSxyL7tGO', 'user.png', 'BgD8l3Ihlw', '2022-03-22 13:49:40', '2022-03-22 13:49:40'),
(5, 'Prof. Lorna Hoeger', 'stark.cordia@example.net', '1-781-267-1780', 'user', '2022-03-22 13:49:31', '$2y$10$TbFVXEr1yOFJL/apZGVEjuttzE4RFl6JOrbXZV3OS/l0WEh0v5M/m', 'user.png', 'Cym4fyxMRJ', '2022-03-22 13:49:40', '2022-03-22 13:49:40'),
(6, 'Mrs. Delores Mitchell', 'christophe61@example.net', '1-401-490-8169', 'user', '2022-03-22 13:49:31', '$2y$10$VlIoYTjPiOmG3qAbCy1JpOvChL12gqNKSRybTMPrHJpyAEfvv1ita', 'user.png', 'PkgGRAirur', '2022-03-22 13:49:40', '2022-03-22 13:49:40'),
(7, 'Hayley Gulgowski', 'beer.lolita@example.org', '404-935-9843', 'user', '2022-03-22 13:49:31', '$2y$10$BRNul6u7Xf4g.WoV2Tm8fe9kfKiOTEn7v6.OcpxlEoG8Y1yju0J7i', 'user.png', 'xIkchqdkvC', '2022-03-22 13:49:40', '2022-03-22 13:49:40'),
(8, 'Mr. Terrance Kirlin II', 'emma14@example.com', '347-229-8776', 'user', '2022-03-22 13:49:31', '$2y$10$urnEBlONZsv1nE/KUapIg.OHFOzbJVTNuCDxZNLuhBBaDOdNv6X1q', 'user.png', 'IQY2o8kpwW', '2022-03-22 13:49:40', '2022-03-22 13:49:40'),
(9, 'Garnet Wintheiser PhD', 'parker.brenda@example.net', '458-939-6607', 'user', '2022-03-22 13:49:31', '$2y$10$qk2vEW//Brv6H2C/BEyhIOpinl9xtpAF8sldXIelovx/yWcrwgIT6', 'user.png', 'wTk0w1mThc', '2022-03-22 13:49:40', '2022-03-22 13:49:40'),
(10, 'Prof. Jabari Gaylord MD', 'viviane57@example.net', '+1-802-647-0121', 'user', '2022-03-22 13:49:31', '$2y$10$dkYuMOJIpx2CfJO4RBw41OetXXSYDed2.x4517WIDZnw7TkBMQJiq', 'user.png', 'skZjEqtzpP', '2022-03-22 13:49:40', '2022-03-22 13:49:40'),
(11, 'Houston Bergstrom', 'ydurgan@example.org', '+19542736410', 'user', '2022-03-22 13:49:32', '$2y$10$69PDCzQVLPMPX3xY/4tLn.izhL00attyR0C.wnrw2PCw1bsKM9xTS', 'user.png', 'PFTYvp0Xrv', '2022-03-22 13:49:40', '2022-03-22 13:49:40'),
(12, 'Dr. Bernie Schmeler', 'deshawn.dickinson@example.net', '626.377.4721', 'user', '2022-03-22 13:49:32', '$2y$10$6h9whhfysf.SjEubMIfDlOLzoqggm9RgHy.KIkwajR0Ej.WIWHRy6', 'user.png', '99QFf6pyQD', '2022-03-22 13:49:40', '2022-03-22 13:49:40'),
(13, 'Augustus Blanda', 'mccullough.sabina@example.com', '956.826.3786', 'user', '2022-03-22 13:49:32', '$2y$10$EoZHoQxzgXZeHXXO22FeLeETNqiyMd.KE3e8ADNEQMJR8YRchmj3G', 'user.png', '5b1JdJdtoC', '2022-03-22 13:49:40', '2022-03-22 13:49:40'),
(14, 'Juvenal Schamberger', 'hulda.tromp@example.org', '806.792.0186', 'user', '2022-03-22 13:49:32', '$2y$10$PaNQCCYFtbwHsoak12aq0.S7dEnPCGE41Kk0d1CV7zabsbwIPHyki', 'user.png', '6018B731eX', '2022-03-22 13:49:40', '2022-03-22 13:49:40'),
(15, 'Roscoe Jacobson', 'wyman.leda@example.com', '239.761.5144', 'user', '2022-03-22 13:49:32', '$2y$10$7D6fNn41C0UWdYq13ye5yeEXjmVlC58uOKUm3sskYBHakWSvsOzzK', 'user.png', 'eApMi0fLRZ', '2022-03-22 13:49:40', '2022-03-22 13:49:40'),
(16, 'Lenna Sanford', 'flatley.zula@example.com', '+1-281-256-5143', 'user', '2022-03-22 13:49:32', '$2y$10$5kBrKpcQLiD6v4fEx/veceLtvWy/.aUKrLJSkVfQW6qQzRDRz0gge', 'user.png', 'PxaSlZ5HoM', '2022-03-22 13:49:40', '2022-03-22 13:49:40'),
(17, 'Prof. Edmond Wuckert MD', 'cokuneva@example.com', '410-965-0599', 'user', '2022-03-22 13:49:32', '$2y$10$teOOnIcYElFLXepZ4UpfAO//Cm83Jg7Tsp7fuNsGLbvSGDWfak9YO', 'user.png', 'FBd7uvCVXS', '2022-03-22 13:49:40', '2022-03-22 13:49:40'),
(18, 'Astrid Graham Sr.', 'kayleigh47@example.net', '+1-281-315-1443', 'user', '2022-03-22 13:49:32', '$2y$10$RCuwu/apv502GLeuRqrNMen0b5zTiqy.U37VN8rb5F4f4zz3m61Va', 'user.png', 'JcFNjgufzC', '2022-03-22 13:49:40', '2022-03-22 13:49:40'),
(19, 'Prof. Camden Beatty', 'bernadette11@example.com', '314-222-2594', 'user', '2022-03-22 13:49:32', '$2y$10$3LD1eBIh1GKL97IykUkA4usV6PiMk/aElXwixOHoutGLXbyKBPN.6', 'user.png', 'T8l6nwnr7x', '2022-03-22 13:49:40', '2022-03-22 13:49:40'),
(20, 'Elfrieda Green', 'eva.hill@example.com', '631.732.2443', 'user', '2022-03-22 13:49:32', '$2y$10$XQJp2yCi1izn3WUggidv3O4gcRJOjl7IBV1L4yEH42DWfQh9rpoDe', 'user.png', '9OZjvnI2pC', '2022-03-22 13:49:40', '2022-03-22 13:49:40'),
(21, 'Emma Johnston', 'oberbrunner.doris@example.net', '1-940-851-8096', 'user', '2022-03-22 13:49:32', '$2y$10$kNscrD.awONSCBJgWnLRSOB8RqRmdGlC0lUUQ4pavd.NYySx3qUUO', 'user.png', '0DBMlo4o2k', '2022-03-22 13:49:40', '2022-03-22 13:49:40'),
(22, 'Dallin Grant', 'qklocko@example.com', '774-871-6445', 'user', '2022-03-22 13:49:33', '$2y$10$WuZn/Y77TI4/mDRo8t44bODJStUaLzPUAlabDoMs7CHi/PCRfjGAO', 'user.png', 'PbtneLSwy3', '2022-03-22 13:49:40', '2022-03-22 13:49:40'),
(23, 'Cletus Hoppe', 'carli51@example.org', '+15406917193', 'user', '2022-03-22 13:49:33', '$2y$10$iYCCzLKN4VCUF7ZaZGuPA.q2nu1.Daq1Te0zNpNNwIa/e/0MSUbQO', 'user.png', 'T2cRMP5P4w', '2022-03-22 13:49:40', '2022-03-22 13:49:40'),
(24, 'David Kris', 'zella.hayes@example.org', '+1-667-837-8998', 'user', '2022-03-22 13:49:33', '$2y$10$yv6gvgPg/fuSGkuI4IwcYeIR6VMaiiLOoSnyNPEwuBgcKYR65I7yi', 'user.png', '39OehzIKgr', '2022-03-22 13:49:40', '2022-03-22 13:49:40'),
(25, 'Helena Conn', 'amanda.nikolaus@example.org', '1-616-599-1114', 'user', '2022-03-22 13:49:33', '$2y$10$3uCve261trTP.fq.ma/DjueWa4D6cWttTYHLabL1eQ4UkjNQMRJ9i', 'user.png', '8iIaH4d5NG', '2022-03-22 13:49:40', '2022-03-22 13:49:40'),
(26, 'Tomas Powlowski', 'merritt81@example.org', '(762) 295-5974', 'user', '2022-03-22 13:49:33', '$2y$10$4.tgMtl2xFk3FMoXVzLqm.alocqi6akXwWcQv5DdnG5DCcluhy/8W', 'user.png', 'qNsUQb9KTz', '2022-03-22 13:49:40', '2022-03-22 13:49:40'),
(27, 'Miss Shanna O\'Conner MD', 'hermann98@example.org', '+13079998534', 'user', '2022-03-22 13:49:33', '$2y$10$PhE4VsJ.6NwFars6Ga2z7.Aju/xIMYTA30tRKFeHQajDxHRXOLOFq', 'user.png', 'hahAeND5gc', '2022-03-22 13:49:40', '2022-03-22 13:49:40'),
(28, 'Dr. Brian Boyer', 'jshanahan@example.org', '575-332-0936', 'user', '2022-03-22 13:49:33', '$2y$10$8OJKu7d8utq6vFlsTNQqhu/KGUsmEpnnhgUYPvllPD2vEjf1Gr10y', 'user.png', '6LBpX0bjrm', '2022-03-22 13:49:40', '2022-03-22 13:49:40'),
(29, 'Ofelia Russel', 'jakayla22@example.org', '+1 (203) 399-7593', 'user', '2022-03-22 13:49:33', '$2y$10$r05N0NQHDyG5kdDTY1F0NOUfMMez/5EO.jasf9WIAxEBIAjqCEZx.', 'user.png', 'YrhTxJGeRU', '2022-03-22 13:49:40', '2022-03-22 13:49:40'),
(30, 'Diamond Waelchi', 'twindler@example.net', '(972) 871-5767', 'user', '2022-03-22 13:49:33', '$2y$10$y0RdTv92SX2hXas7sKlYEuAuVihKiPkj7ZCnc3oieoeWSOgAtpfPW', 'user.png', 'Hk2XXGSxRi', '2022-03-22 13:49:40', '2022-03-22 13:49:40'),
(31, 'Sonya Berge', 'lottie.padberg@example.com', '(561) 500-9461', 'user', '2022-03-22 13:49:33', '$2y$10$XPfrLD5M2rs0hox0VMhFQeBmrRuy.X9/vMN1BE23P/sT9cEJTAVb.', 'user.png', 'vuVyJdXj4w', '2022-03-22 13:49:40', '2022-03-22 13:49:40'),
(32, 'Dylan Beatty', 'wcollier@example.net', '662.658.3452', 'user', '2022-03-22 13:49:33', '$2y$10$FN.1Rgh3LVhhjmSxrCbNyeuxj/8REo6QWbfVXWwpqcT54o8xkVj06', 'user.png', 'p0KkqwDbeP', '2022-03-22 13:49:40', '2022-03-22 13:49:40'),
(33, 'Ada Mayer', 'roob.maureen@example.org', '+1-352-354-1685', 'user', '2022-03-22 13:49:34', '$2y$10$wQH2ivUw9kmeeYQsDyUWnermADmc.L.opq/OV2R42BaOLnzZQTGI6', 'user.png', 'w43YUfKHBP', '2022-03-22 13:49:40', '2022-03-22 13:49:40'),
(34, 'Lenora Howe', 'prohaska.jamie@example.com', '(360) 303-6837', 'user', '2022-03-22 13:49:34', '$2y$10$2livWO.uVqyr6Rb8ye.9oO1WTA3lYxq18gXaphhMcYOiVJpuK89xW', 'user.png', 'dzHmfmQXOk', '2022-03-22 13:49:40', '2022-03-22 13:49:40'),
(35, 'Adriana Walker', 'albertha94@example.com', '980.735.9270', 'user', '2022-03-22 13:49:34', '$2y$10$PrqFIeaAY56XI2DuT2oIBeTEi2Z18qqdd0rc9ij0cvk/bZpRETVyq', 'user.png', 'CX670vSC4e', '2022-03-22 13:49:40', '2022-03-22 13:49:40'),
(36, 'Yolanda Prosacco', 'hester.bogisich@example.com', '865-577-2981', 'user', '2022-03-22 13:49:34', '$2y$10$JY.CEbviBr1..ewVyzg37eWjs2GGiewbvhx6SmJaorbCOFRnuOxyW', 'user.png', 'ydihAqfeH7', '2022-03-22 13:49:40', '2022-03-22 13:49:40'),
(37, 'Twila Schulist', 'esperanza57@example.net', '+1-586-465-7714', 'user', '2022-03-22 13:49:34', '$2y$10$ycnm/7cZgfZPIP9irnBjZ.SOU/JUMWw8sUhW07544EdEKA5EYlv1O', 'user.png', 'ZKsfTAo9R4', '2022-03-22 13:49:40', '2022-03-22 13:49:40'),
(38, 'Imelda Padberg', 'cwilderman@example.org', '1-689-983-2785', 'user', '2022-03-22 13:49:34', '$2y$10$kA9FGNY6nFciSsqKOrneIuCp0fOPduHUmf0ZTasNL5l7ncOuZ4uf6', 'user.png', 'zrZw74XfKq', '2022-03-22 13:49:40', '2022-03-22 13:49:40'),
(39, 'Dr. Heber Grimes III', 'bkuphal@example.org', '1-320-228-4235', 'user', '2022-03-22 13:49:34', '$2y$10$PwU9WoBprlOd1EbOiPAVe.gjS4QE6R2j99uRCmevCINWGzBXN1Axa', 'user.png', 'CTZOmQWgfv', '2022-03-22 13:49:40', '2022-03-22 13:49:40'),
(40, 'Tod Weimann', 'wyman.dakota@example.net', '813.896.8188', 'user', '2022-03-22 13:49:34', '$2y$10$mvMWNksh54Whz3a/DbVGneU68XdoZrdaV7sPWA1ligFdIP4PDCE4K', 'user.png', 'qXQQQBNL6C', '2022-03-22 13:49:40', '2022-03-22 13:49:40'),
(41, 'Dr. Ryder Wolff', 'nbode@example.com', '218.925.8923', 'user', '2022-03-22 13:49:34', '$2y$10$wqOtWdk55.bkVHE48JNj/eSm4wnDDAf/XWfTJPg1syCid05uXURPC', 'user.png', 'WcLXJ8q0UY', '2022-03-22 13:49:40', '2022-03-22 13:49:40'),
(42, 'Kellie Ondricka', 'thalia18@example.org', '614-380-9999', 'user', '2022-03-22 13:49:35', '$2y$10$qKJJu4y7jJuijHeFH/KGt.SxU7XKtuESHZsN2ikuLtcpUCtPghcxG', 'user.png', 'AQvnYSGwzh', '2022-03-22 13:49:40', '2022-03-22 13:49:40'),
(43, 'Arno Senger', 'ckilback@example.com', '+1.781.923.9945', 'user', '2022-03-22 13:49:35', '$2y$10$Vmx61iJ2T/ZsW2Vj7XPAZeYITXbe.FFHEbZxrQww9d3xsXeQMFiCe', 'user.png', 'EZvpciabX6', '2022-03-22 13:49:40', '2022-03-22 13:49:40'),
(44, 'Tyrique Jaskolski', 'sweissnat@example.net', '+1 (414) 471-9244', 'user', '2022-03-22 13:49:35', '$2y$10$9T02XZj1o3xa.VmnjbpIfuy.nS6.93ShsCF6BDyq/IA3dOiJlczWW', 'user.png', 'w45dWysRSr', '2022-03-22 13:49:40', '2022-03-22 13:49:40'),
(45, 'Lois Pouros', 'janelle.champlin@example.net', '(272) 759-1377', 'user', '2022-03-22 13:49:35', '$2y$10$bh4cbh.ntioeoX7ETPhXxOYfu40egCfCNWzbtJknf416fEeb6aY12', 'user.png', 'quPYWBiBEI', '2022-03-22 13:49:40', '2022-03-22 13:49:40'),
(46, 'Prof. Leonie Willms', 'abigayle05@example.com', '838-801-4223', 'user', '2022-03-22 13:49:35', '$2y$10$y7TPj/xrg5L4OyopNO0QYe9vhpB94edMK3KGbSb7tshyyIhsONmiG', 'user.png', 'TFgEVEOSR4', '2022-03-22 13:49:40', '2022-03-22 13:49:40'),
(47, 'Santa Rodriguez', 'white.aliyah@example.com', '+1-681-566-6386', 'user', '2022-03-22 13:49:35', '$2y$10$JxxiogbdIlD0nusvDaRRxObpPXPnSva1wtCxsXdHJUCSfDp2WrulS', 'user.png', 'WUOZz4VjhA', '2022-03-22 13:49:40', '2022-03-22 13:49:40'),
(48, 'Prof. Erwin Beahan V', 'vbins@example.org', '458-842-2483', 'user', '2022-03-22 13:49:35', '$2y$10$8cPvF86vjMzbpEZz.MKlGuKsJ7x.bMrq5kupSJK/1TK/J7xn/.ABC', 'user.png', 'izR17tvFE1', '2022-03-22 13:49:40', '2022-03-22 13:49:40'),
(49, 'Mr. Eleazar Kunze I', 'jaylen62@example.org', '850-699-0674', 'user', '2022-03-22 13:49:35', '$2y$10$HXBLaSlzKxblaV6Da/CAtOKeG9n6YiUU6mpWrjugJN4.Lx6qmvDWu', 'user.png', 'FEIxvNtB3D', '2022-03-22 13:49:40', '2022-03-22 13:49:40'),
(50, 'Collin Leuschke', 'farrell.teagan@example.org', '+18327006796', 'user', '2022-03-22 13:49:35', '$2y$10$oWQPBgALKoF5dg7eOSnM7O03agMYcFLhJhXiAOubE5cuM8gXO4ex2', 'user.png', 'XYpLHrNHmV', '2022-03-22 13:49:40', '2022-03-22 13:49:40'),
(51, 'Nat Murphy', 'julian.durgan@example.org', '+1-463-622-9000', 'user', '2022-03-22 13:49:35', '$2y$10$s9OQQ2Cg6LN7BRF3Xqw3CuCcVkBNbLj5dtDh6QAMVFnrvdGFHeT4m', 'user.png', 'DcyU3XXJqE', '2022-03-22 13:49:40', '2022-03-22 13:49:40'),
(52, 'Xavier Bruen', 'jake.champlin@example.net', '+1.341.398.6133', 'user', '2022-03-22 13:49:35', '$2y$10$xPzA6Fj.roZni7c0ybO5nenBpQYQthHPdEEeI7I4i9FP0OQC5VHaG', 'user.png', 'anAlMjTRcm', '2022-03-22 13:49:40', '2022-03-22 13:49:40'),
(53, 'Elena Wyman', 'nola91@example.org', '949.569.9229', 'user', '2022-03-22 13:49:36', '$2y$10$zkVhkmo8KW36e.3QSBORXu8v89TPVAQbLp3341uyj2ROZXuG8HY86', 'user.png', 'B243oDiCnD', '2022-03-22 13:49:40', '2022-03-22 13:49:40'),
(54, 'Demetris Wiegand', 'klein.sandrine@example.net', '1-214-975-8849', 'user', '2022-03-22 13:49:36', '$2y$10$LEjTcGLOYnDKN7aIU75pyuQpOJqQx8XCH47HUt1Ku4Fa9dOrtG43C', 'user.png', '2kBf2aDLjd', '2022-03-22 13:49:40', '2022-03-22 13:49:40'),
(55, 'Myrtle Boyle', 'leuschke.rosina@example.org', '(828) 323-4437', 'user', '2022-03-22 13:49:36', '$2y$10$WctMAn2I8ha0uT.rdNSWUOtR3hRlMVMz.ei8arlyjh7n5gHk9Jr2m', 'user.png', '03yZYgg0Hk', '2022-03-22 13:49:40', '2022-03-22 13:49:40'),
(56, 'Albina Bosco', 'murphy.stevie@example.net', '602.366.9784', 'user', '2022-03-22 13:49:36', '$2y$10$ZXzJSqWvtjDfl6ZRav3elue2DnzaAAYlafomv28TWyeDCM/hBZp4G', 'user.png', 'IiaS2IX39g', '2022-03-22 13:49:40', '2022-03-22 13:49:40'),
(57, 'Dr. Cecilia Schamberger PhD', 'lila.bernhard@example.com', '+1-458-882-6141', 'user', '2022-03-22 13:49:36', '$2y$10$DTFN4qRO2ioHsHkPODJ2yeqtEUqEe1wooUYGgl1Mp6TLv0plZj4/2', 'user.png', 'AXyVXwPQsB', '2022-03-22 13:49:40', '2022-03-22 13:49:40'),
(58, 'Prof. Lucinda Bergstrom', 'della75@example.net', '+1-816-752-1596', 'user', '2022-03-22 13:49:36', '$2y$10$Zft2XPm48zrmCiul.yYvP.r6GJqg9xt/rnk8ECppgGd/vH0uMmRPW', 'user.png', 'CdZJqeGNGV', '2022-03-22 13:49:40', '2022-03-22 13:49:40'),
(59, 'Prof. Jerry Reinger', 'norris.mcclure@example.org', '+1-540-765-0449', 'user', '2022-03-22 13:49:36', '$2y$10$OUGmDXZwGM3q5CpGdlzgdOVurzTxazbpzPPj1dFQuRnm.Vp2mixFq', 'user.png', 'ioTa6bIle1', '2022-03-22 13:49:40', '2022-03-22 13:49:40'),
(60, 'Dr. Dorthy Raynor Jr.', 'pwalter@example.com', '+1.201.879.3968', 'user', '2022-03-22 13:49:36', '$2y$10$fOpDijsL84fI5o7F2jeYM.eNtS4IET.lon.m0yhUeYKXjZmdRtGOy', 'user.png', '99SjH2cHlY', '2022-03-22 13:49:40', '2022-03-22 13:49:40'),
(61, 'Gerardo Kris', 'lynch.kale@example.net', '+1.445.948.5614', 'user', '2022-03-22 13:49:36', '$2y$10$BlRFGudINFcEP98dkyGRy.ltYIrCBuV6IMAeyCubBC9.EbnebgZaW', 'user.png', '1gwE7ylQs0', '2022-03-22 13:49:40', '2022-03-22 13:49:40'),
(62, 'Ova Hessel', 'ashley61@example.com', '551.356.3736', 'user', '2022-03-22 13:49:36', '$2y$10$2b4PkVgkQLwafzmJ23gU5eQymrxpqFJ91K7NUbG2sddrS2IHrYGkq', 'user.png', 'c1F2R86IUc', '2022-03-22 13:49:40', '2022-03-22 13:49:40'),
(63, 'Rebeca Reilly', 'zackary30@example.org', '1-734-382-5473', 'user', '2022-03-22 13:49:36', '$2y$10$G2DWYOI6xLII80q/uPIDSeUL58nAhRG7uSIF3y8WvrgUwgUABtodS', 'user.png', 'RvfW7x9faW', '2022-03-22 13:49:40', '2022-03-22 13:49:40'),
(64, 'Maria Lowe', 'colten.gleichner@example.org', '+1-267-709-9092', 'user', '2022-03-22 13:49:37', '$2y$10$147ek9.JJV5t7Id6jUABE.c7/DGMzHuJdNPSN5I4Wo5Efcc90Dyxu', 'user.png', 'YxZkQSxV3b', '2022-03-22 13:49:40', '2022-03-22 13:49:40'),
(65, 'Lew Von', 'gjohnson@example.org', '+1-223-701-9574', 'user', '2022-03-22 13:49:37', '$2y$10$Len8IyE9Co3pH.uUmQQTAOGzt3EAJbkaf7DPxhT1uvGne7iRVxoOO', 'user.png', 'DOZjbKfdTg', '2022-03-22 13:49:40', '2022-03-22 13:49:40'),
(66, 'Mr. Maximilian Smitham', 'odicki@example.net', '+1.540.658.4098', 'user', '2022-03-22 13:49:37', '$2y$10$BGj60DxWrEKueDhJ0oM4buosjShYqh.kViaztZqorq7dWutrWZwuO', 'user.png', 'ORmfWrhjBi', '2022-03-22 13:49:40', '2022-03-22 13:49:40'),
(67, 'London Stroman', 'aaliyah.bergnaum@example.org', '947.929.1507', 'user', '2022-03-22 13:49:37', '$2y$10$gbis8OEK.xEyslmZI9gxPOdzC7yIiR89ihCof.xObJ0zTGeXUgo.S', 'user.png', 'QqiiUGzWXM', '2022-03-22 13:49:40', '2022-03-22 13:49:40'),
(68, 'Jeanne McClure', 'carlie11@example.net', '+12515840982', 'user', '2022-03-22 13:49:37', '$2y$10$qi/vBQOcZEBNRCEvUoqTbeEEoeRkD6rAOHCezjt1NumudHqyrNTuS', 'user.png', '4E2yTxErQi', '2022-03-22 13:49:40', '2022-03-22 13:49:40'),
(69, 'Floy O\'Reilly III', 'khyatt@example.org', '351.699.1215', 'user', '2022-03-22 13:49:37', '$2y$10$rSGAiDGpK/9VYESC77dpyuhj61FO6SHODcykUH14W5H6nHM0LIjH6', 'user.png', 'B3SjQnboEq', '2022-03-22 13:49:40', '2022-03-22 13:49:40'),
(70, 'Mrs. Ressie Nikolaus III', 'blaise.boehm@example.org', '1-979-455-7067', 'user', '2022-03-22 13:49:37', '$2y$10$uHQk3TwZfQsftae7a3esOeSKdb.PTALQosajNyUWAYoZSEX0qrOEC', 'user.png', 'BmMF4lPoCM', '2022-03-22 13:49:40', '2022-03-22 13:49:40'),
(71, 'Isaias O\'Keefe', 'amelia.will@example.net', '469-859-5947', 'user', '2022-03-22 13:49:37', '$2y$10$AGTNfk8p.rA41dx5hdXSQuTklAwPcuB5ccCY41wJizKuxXNiJv/1e', 'user.png', '4QmKyj4omD', '2022-03-22 13:49:40', '2022-03-22 13:49:40'),
(72, 'Ardella Torphy V', 'vesta96@example.org', '520-445-1726', 'user', '2022-03-22 13:49:37', '$2y$10$TF.zdGJNnaf13iw2jF2FFOMd9XyUnBKEFW.jkpiKlPj.NoEXxZ17i', 'user.png', 'WY3eBkleKu', '2022-03-22 13:49:40', '2022-03-22 13:49:40'),
(73, 'Miss Brandy Leuschke Sr.', 'adrianna62@example.org', '1-657-404-7468', 'user', '2022-03-22 13:49:37', '$2y$10$fHVafZnbZxnnmnAaurorGespYvcEecMXkBz7Ga7RMW/lHDx0DaUQC', 'user.png', 'vZbEVHRX5y', '2022-03-22 13:49:40', '2022-03-22 13:49:40'),
(74, 'Dr. Mavis Skiles I', 'nmarquardt@example.net', '+1.704.487.1691', 'user', '2022-03-22 13:49:37', '$2y$10$cavGlNOsDjIu33XjUlhhWev/FMi2JhYKOTCWUnz0jgWZ/ves6mSmq', 'user.png', 'nTmSQsAIzq', '2022-03-22 13:49:40', '2022-03-22 13:49:40'),
(75, 'Sammie Kuvalis', 'maye60@example.com', '863.604.7195', 'user', '2022-03-22 13:49:38', '$2y$10$gxCWxVzG2RspvstEQkTAWuGyB.CR/1s7vKoEEwJ2QKy7JqvaNFjMG', 'user.png', 'PxENNbkDtK', '2022-03-22 13:49:40', '2022-03-22 13:49:40'),
(76, 'Dan Volkman', 'ifadel@example.com', '432.436.5422', 'user', '2022-03-22 13:49:38', '$2y$10$7cA7HKnKLlyhxPDa6GJPae4i0RZvNgDKd3aP4LV18CnI.g.q8D0wK', 'user.png', 'HBxmohF9pY', '2022-03-22 13:49:40', '2022-03-22 13:49:40'),
(77, 'Justen Zboncak', 'hoeger.maida@example.org', '567-234-6152', 'user', '2022-03-22 13:49:38', '$2y$10$OWL4iiZrpAofqsuJfzhfZu52IJ0mAxk82oMkPTeIKMrWaBzIWOism', 'user.png', 'niirnwtGvo', '2022-03-22 13:49:40', '2022-03-22 13:49:40'),
(78, 'Cory Bayer', 'antonette35@example.org', '760.649.0235', 'user', '2022-03-22 13:49:38', '$2y$10$kdpLOCrGUiAsEJEsSIU4jOBcSjZlMudRrvboAoMqYyGDlyUGu9iBK', 'user.png', 'uSvFSM4pnz', '2022-03-22 13:49:40', '2022-03-22 13:49:40'),
(79, 'Ms. Jaquelin Stamm', 'alfonso.leuschke@example.net', '+1 (534) 206-3439', 'user', '2022-03-22 13:49:38', '$2y$10$.HBymHY2zGejOIWTjW4TsOvIV9Uev.fPR2ymlaJu/QzfGxLOsrdPq', 'user.png', 'jIeHiF3qmZ', '2022-03-22 13:49:40', '2022-03-22 13:49:40'),
(80, 'Leonora Schneider', 'titus09@example.net', '+1-458-795-5536', 'user', '2022-03-22 13:49:38', '$2y$10$..MNNbYbQDB8xIYDPX9DXO0f8QuN9/s1uvX3iS1p/Eia9K8h7bbGG', 'user.png', 'CvZ7Thi9l4', '2022-03-22 13:49:40', '2022-03-22 13:49:40'),
(81, 'Shirley Abshire', 'zreichel@example.org', '+12489324392', 'user', '2022-03-22 13:49:38', '$2y$10$HzbI18zQmxETN8Mtdu/RHeoJ8BR4XjlpnMqBMEaLZRSlH3uR3u4Wm', 'user.png', 'NjzjhYqWaw', '2022-03-22 13:49:40', '2022-03-22 13:49:40'),
(82, 'Erick Tromp', 'brendan.mohr@example.com', '559-254-4229', 'user', '2022-03-22 13:49:38', '$2y$10$U/P9dUeJXlbvUJ35YKVmS.XdH/Wd3wYD6hGlltoTbiEmSSlkChuq2', 'user.png', 'bc0iUIinD7', '2022-03-22 13:49:40', '2022-03-22 13:49:40'),
(83, 'Miss Leann Sauer DDS', 'schowalter.clementina@example.org', '+12402784802', 'user', '2022-03-22 13:49:38', '$2y$10$6OJKqyv72xJOmWWJ9cfaCuFoVpvin3HnIEjXI9k6uvFmHSgvuV3pa', 'user.png', 'EYn5WYUPkL', '2022-03-22 13:49:40', '2022-03-22 13:49:40'),
(84, 'Miss Chyna Jast', 'estevan43@example.com', '283.321.5399', 'user', '2022-03-22 13:49:38', '$2y$10$VNv.LT3JXhOtLjHny6evUuKNtytcqtHkBiIkWVuAAcwqHF5vnTxFO', 'user.png', 'Gd747Bj5S4', '2022-03-22 13:49:40', '2022-03-22 13:49:40'),
(85, 'Prof. Zackary Thompson I', 'gmarquardt@example.net', '+19302752237', 'user', '2022-03-22 13:49:38', '$2y$10$O8ogSX05T2B58lkLzcTGLO6K6BQLGEUprTEKvViuvtlRFs72qZdhK', 'user.png', 'yWxsaW5oHu', '2022-03-22 13:49:40', '2022-03-22 13:49:40'),
(86, 'Ms. Abbey Ankunding V', 'ycarter@example.com', '+12168059930', 'user', '2022-03-22 13:49:39', '$2y$10$uBeGxRqF/R5jAyr2hgfmzeoAqaf8.lcHGuXaIC4felwylA75nVKxi', 'user.png', 'sd1jXOeoVu', '2022-03-22 13:49:40', '2022-03-22 13:49:40'),
(87, 'Terry Runte', 'zoila41@example.com', '980.834.2195', 'user', '2022-03-22 13:49:39', '$2y$10$SpYNZ5uvNcfuPAgZOh6BV.Xz4Effw2ITRflOqiPCFuYW2vi6h0y16', 'user.png', 'brrO1k0GM2', '2022-03-22 13:49:40', '2022-03-22 13:49:40'),
(88, 'Royal Runolfsdottir', 'orempel@example.com', '276.915.1294', 'user', '2022-03-22 13:49:39', '$2y$10$Oa.vHnSscD3.R4hiCY/B.ORUxBp2t.9p0uvNjP6IJiQEO2r8WO9Ly', 'user.png', 'sqKA2HPafk', '2022-03-22 13:49:40', '2022-03-22 13:49:40'),
(89, 'Lenna Jacobson', 'roberts.rosemarie@example.net', '+1-986-232-2122', 'user', '2022-03-22 13:49:39', '$2y$10$pU6V4BamepJgFamrUCHTNeF6rbbruUHjewbI69M5aZAZ0gChzBFm.', 'user.png', 'Q5eAcdd0c3', '2022-03-22 13:49:40', '2022-03-22 13:49:40'),
(90, 'Mike Ruecker', 'rschowalter@example.com', '+1 (608) 806-9695', 'user', '2022-03-22 13:49:39', '$2y$10$KDN6t.zZ5pnHCd/ZcUovxuU1L/lJOdM5Nb.WyK6MbwUW/YxD8UaYK', 'user.png', 'bl8FotPiX2', '2022-03-22 13:49:40', '2022-03-22 13:49:40'),
(91, 'Robin King', 'judy38@example.org', '+1 (757) 395-4702', 'user', '2022-03-22 13:49:39', '$2y$10$VMej6XiMyuko65OecX8uUund1ijcHlOSW.TOpHzKs95.plsCH7Mi6', 'user.png', 'HJIJBkq4Qw', '2022-03-22 13:49:40', '2022-03-22 13:49:40'),
(92, 'Mr. Faustino Runolfsson', 'luz.monahan@example.org', '+12396393459', 'user', '2022-03-22 13:49:39', '$2y$10$x8r5kjTKS9l.5//p7LrZHeHvzSH9bFBZZTXWRIUDDZflTXrYU1u2O', 'user.png', 'wf0ALqUAaq', '2022-03-22 13:49:40', '2022-03-22 13:49:40'),
(93, 'Arden Greenholt PhD', 'ajohnson@example.com', '1-650-468-3848', 'user', '2022-03-22 13:49:39', '$2y$10$ggoGYoRh/mQrKgzj0uJuSeKM1c6vQpxjfOLVp5SEt7kSdhVhpyfv6', 'user.png', '63bPEkVLn4', '2022-03-22 13:49:40', '2022-03-22 13:49:40'),
(94, 'Mrs. Adeline Jast', 'tschaden@example.org', '+1-906-939-3829', 'user', '2022-03-22 13:49:39', '$2y$10$t3noOiO/KNNho7o/vIcQVuKN.0g3.hkSnEew9Ipt3q8xl1i70iwxO', 'user.png', '1sbWYUlqYT', '2022-03-22 13:49:40', '2022-03-22 13:49:40'),
(95, 'Alexzander Sanford', 'ona.carroll@example.net', '(720) 427-1956', 'user', '2022-03-22 13:49:39', '$2y$10$yQ1HPG1tz0fZ2kFecsNn6.bZXY2BfKqf8R0np.bsyJZj9kNf1kkR6', 'user.png', 'hXqqTdviZr', '2022-03-22 13:49:40', '2022-03-22 13:49:40'),
(96, 'Michaela Hodkiewicz', 'terence79@example.org', '561-331-5878', 'user', '2022-03-22 13:49:39', '$2y$10$09TNURaJoyUS7NTYjW0YfODEkQO7OCb.GQI5F4w6cpNhGUwxe5zey', 'user.png', 'cyJPryDvS3', '2022-03-22 13:49:40', '2022-03-22 13:49:40'),
(97, 'Jocelyn Torphy', 'hhoeger@example.net', '+1.520.596.3686', 'user', '2022-03-22 13:49:40', '$2y$10$wz2ETpB42UVyGsLzVQ2mBuKQpQdn1hbLsAP7A9EaSx9wa2mT7jlqG', 'user.png', 'bbOMVBRmfv', '2022-03-22 13:49:40', '2022-03-22 13:49:40'),
(98, 'Mrs. Myra Blick', 'flatley.janet@example.org', '1-316-979-9580', 'user', '2022-03-22 13:49:40', '$2y$10$467cQihs9fujixeYJW8Zwe2fEZGhIwBzEKCUMcwZyki2EN5IJL0de', 'user.png', 'VYjbiIXQMh', '2022-03-22 13:49:40', '2022-03-22 13:49:40'),
(99, 'Lennie Powlowski', 'temmerich@example.com', '747.460.2482', 'user', '2022-03-22 13:49:40', '$2y$10$8//aeJVm5Uomz8RjIyVZ1.ghnFdyi7CPF6koMNj1829dXcLWg6idK', 'user.png', 'JOTou6dkRJ', '2022-03-22 13:49:40', '2022-03-22 13:49:40'),
(100, 'Ova Parker DDS', 'david45@example.net', '+16025010874', 'user', '2022-03-22 13:49:40', '$2y$10$K2E9kOr7vaLYAxkbZPLb7eV9mLPKf/9gwA/Ys70GdbhSLI1N8UWUW', 'user.png', 'jpEoTW5eHx', '2022-03-22 13:49:40', '2022-03-22 13:49:40'),
(101, 'Marques Lynch', 'kterry@example.org', '+15109746549', 'user', '2022-03-22 13:49:40', '$2y$10$DP3CIJNAMDcJjZWK/QwkDu.l4PR7l8Dw6RlDWrXAeYTw7/hLv0LbW', 'user.png', 'KK0tp6SqIk', '2022-03-22 13:49:40', '2022-03-22 13:49:40'),
(102, 'Prof. Raoul Langworth', 'ignacio98@example.org', '281.272.2329', 'owner', '2022-03-22 13:50:42', '$2y$10$LBfNa/jieNT3OO8gDHslUuHmp.DMPk7wn2xZvrqpsPYgcVw4FjKri', 'user.png', 'HUe08I4fBB', '2022-03-22 13:50:46', '2022-03-22 13:50:46'),
(103, 'Izabella Heidenreich', 'stanton.gottlieb@example.org', '+1.479.274.9961', 'owner', '2022-03-22 13:50:42', '$2y$10$0zs31aI0UT.II2zxz6QxxeMY7qgOUxLrAFdpLCCh9cWX43h7pXiem', 'user.png', 'QbJuAhtrma', '2022-03-22 13:50:46', '2022-03-22 13:50:46'),
(104, 'Rosemarie Reichert', 'kuphal.willie@example.com', '(760) 960-3677', 'owner', '2022-03-22 13:50:42', '$2y$10$RPbc1qcfkbaRY/2ldLhqNOAqfMqzwA.m48fEKzZx5av7ttGeLoshy', 'user.png', 'VuKriHt8Dm', '2022-03-22 13:50:46', '2022-03-22 13:50:46'),
(105, 'Mrs. Shanie Swaniawski DDS', 'damaris.shields@example.com', '+17148396155', 'owner', '2022-03-22 13:50:42', '$2y$10$POafZOryhGVxePbCGDRmduj/XXDXZbbMByuxHDMnrB1G8p/26BFQG', 'user.png', 'LGEfHXSwbM', '2022-03-22 13:50:46', '2022-03-22 13:50:46'),
(106, 'Joana Grant', 'eleonore.kshlerin@example.com', '+1-916-642-4666', 'owner', '2022-03-22 13:50:42', '$2y$10$xxZD/L.R7gZWDe7On6VAiOTMV.oSHiNzz7JhlaIlWRxcb1AnG9WG2', 'user.png', 'ankIRrW9As', '2022-03-22 13:50:46', '2022-03-22 13:50:46'),
(107, 'Kiley Langosh III', 'dixie.walsh@example.com', '+1.321.889.3770', 'owner', '2022-03-22 13:50:42', '$2y$10$MGlYO8Wm5FqkKhSJS2Tcou00KAeA4Ao1c8rAXLuEsSAv2PmqwNT/O', 'user.png', 'SdpDxR1bW9', '2022-03-22 13:50:46', '2022-03-22 13:50:46'),
(108, 'Kailey Reinger', 'cormier.chadd@example.com', '706-551-1402', 'owner', '2022-03-22 13:50:42', '$2y$10$cdMqSZUubWEr12PT1ToLJ.IJInuA0jWxvHoAL5TfTYVPzGJo4LG76', 'user.png', 'hemEZrWwph', '2022-03-22 13:50:46', '2022-03-22 13:50:46'),
(109, 'Dr. Melvina Zboncak', 'cronin.brycen@example.com', '1-773-893-7188', 'owner', '2022-03-22 13:50:42', '$2y$10$98vUuGV88a7D0kNvmkWmQuF6H2K8xeSNc7aGBxRFtw/aEzuJLVeM.', 'user.png', 'hGEhKBpoCS', '2022-03-22 13:50:46', '2022-03-22 13:50:46'),
(110, 'Vernice Kerluke', 'dave.prosacco@example.net', '+1-978-327-6917', 'owner', '2022-03-22 13:50:42', '$2y$10$i8rNlFdk6E/cd3CnfoGTN.hT5H2ecAf.SqSYV4klnchV2wPS7osYS', 'user.png', 'sZ2BFTKXpF', '2022-03-22 13:50:46', '2022-03-22 13:50:46'),
(111, 'Carmel Kreiger', 'aniya.nitzsche@example.com', '1-534-235-8311', 'owner', '2022-03-22 13:50:42', '$2y$10$JH35xPCU7Dk/Sn5l3LwEReX9yuWDGzTSEJSIu03HRdbMAxO9Zx/bK', 'user.png', 'AyaxpizMEr', '2022-03-22 13:50:46', '2022-03-22 13:50:46'),
(112, 'Suzanne Runte DVM', 'jaqueline48@example.org', '661.673.0164', 'owner', '2022-03-22 13:50:42', '$2y$10$rizEN/XDSVGXZz6LuTw8euX9j34Bg7bGX0qTUWvcg00HZ4Ue7f1ha', 'user.png', 'zkyIPXx1HI', '2022-03-22 13:50:46', '2022-03-22 13:50:46'),
(113, 'Dr. Joany Kunde', 'raquel.prosacco@example.net', '364-718-2876', 'owner', '2022-03-22 13:50:43', '$2y$10$Nr590pKaol1ZPjknBzvWT.MiAXoTF1w.C9rZ01dEBbg0c7AxsuP9u', 'user.png', '0ty9i2GIJS', '2022-03-22 13:50:46', '2022-03-22 13:50:46'),
(114, 'Tina Rolfson', 'audie12@example.com', '575.795.8692', 'owner', '2022-03-22 13:50:43', '$2y$10$xGx7.6VBKaypIsxPNRqIo.t4rMRUzz7Fcws64EXtr7yrwCDtFxk1m', 'user.png', '41TTRAMTbb', '2022-03-22 13:50:46', '2022-03-22 13:50:46'),
(115, 'Alisha Green I', 'nbatz@example.org', '+1.220.625.6015', 'owner', '2022-03-22 13:50:43', '$2y$10$Icwimaof2TbXnjJbYUA6w.m9nTxv/IYvWnUKY1ejrQ/Ru0RKIdOVm', 'user.png', 'jYbFDTtHtg', '2022-03-22 13:50:46', '2022-03-22 13:50:46'),
(116, 'Anna Feeney', 'vgerlach@example.com', '930.242.7115', 'owner', '2022-03-22 13:50:43', '$2y$10$hFjUwd1OPPdVfypNGsoYG.8sh71Gom3nDP2CLj2VVtmPJzaSnBcdu', 'user.png', 'tPAm7DP5WY', '2022-03-22 13:50:46', '2022-03-22 13:50:46'),
(117, 'Webster Lesch', 'ezra.lind@example.com', '804-772-1797', 'owner', '2022-03-22 13:50:43', '$2y$10$CpLWCXgR0nGP.sglIdpGTOG0VfQd9AMv5ldc98r7hD1jWQ1hq5ESy', 'user.png', '1L9b3gNpBz', '2022-03-22 13:50:46', '2022-03-22 13:50:46'),
(118, 'Miss Destiney Watsica', 'vivian77@example.org', '+1-443-872-9054', 'owner', '2022-03-22 13:50:43', '$2y$10$xetTKaSfbKtOkq/scbl2UumyehU3.ca8.PiHElyBShyOPoac8e5hS', 'user.png', 'UZwOVKPALc', '2022-03-22 13:50:46', '2022-03-22 13:50:46'),
(119, 'Alexys Nienow', 'delphia.rau@example.net', '(432) 419-0538', 'owner', '2022-03-22 13:50:43', '$2y$10$E2RTbr1Dp.fgZ362p6iD5O9SwH29ROQnawDA6pJ94jndXvwoM3dWy', 'user.png', 'C5KgZ0T9cL', '2022-03-22 13:50:46', '2022-03-22 13:50:46'),
(120, 'Gillian Cronin', 'flowe@example.org', '+1 (707) 510-4024', 'owner', '2022-03-22 13:50:43', '$2y$10$7PdFKMjAmHRfbImqQ7ABa.3q4Rc442QL0JiejhXBn1.clY6RSorne', 'user.png', 's8fSj9BmnG', '2022-03-22 13:50:46', '2022-03-22 13:50:46'),
(121, 'Dr. Bonita Hilpert PhD', 'wilhelmine50@example.com', '+1 (520) 875-5381', 'owner', '2022-03-22 13:50:43', '$2y$10$XAb1ruobMNevXqM/2CTfQOJfa7JWT3NpcNLkr9JSTOyp0J5l9ve1m', 'user.png', 'TJD5eEUA4Q', '2022-03-22 13:50:46', '2022-03-22 13:50:46'),
(122, 'Earnestine Murazik', 'ogrady@example.com', '220.921.1559', 'owner', '2022-03-22 13:50:43', '$2y$10$gqGQ7FAtS1XlD3efNfEu1uqbjtZXMujBPm3cl.YgIdYJfbHip7WUy', 'user.png', 'ZpYNVPqY2t', '2022-03-22 13:50:46', '2022-03-22 13:50:46'),
(123, 'Jesse Shanahan', 'kayla57@example.net', '(747) 319-1022', 'owner', '2022-03-22 13:50:43', '$2y$10$l6xBcrUwy57zHcVWP6Dmgena.qlraIGCVuGwnrZuWJj6x4KT3BZru', 'user.png', 'mFDBDBwfvN', '2022-03-22 13:50:46', '2022-03-22 13:50:46'),
(124, 'Domenica Schowalter', 'kieran40@example.net', '1-725-430-7831', 'owner', '2022-03-22 13:50:44', '$2y$10$k4zEF.yAuUZwwJlxeymVb.lB8xe1lIk.tsMSMdwArDXcTvfzXjCAe', 'user.png', 'xzHwkUGcQx', '2022-03-22 13:50:46', '2022-03-22 13:50:46'),
(125, 'Miss Alberta Smitham', 'wking@example.net', '1-520-931-0785', 'owner', '2022-03-22 13:50:44', '$2y$10$o3HUdT831q9HICIXDGv/vORZ5xQCbe46KBu7pUZep25brk.2L2oZW', 'user.png', 'DbWcD3u7yz', '2022-03-22 13:50:46', '2022-03-22 13:50:46'),
(126, 'Shanelle Hamill', 'vpaucek@example.net', '360.795.7627', 'owner', '2022-03-22 13:50:44', '$2y$10$AVwsPI2OzYR/mvwY5rdjYOvcu0IRTs8DBxPTEyNsb.R2JpYzzGV02', 'user.png', 'Gsw5fQDGVM', '2022-03-22 13:50:46', '2022-03-22 13:50:46'),
(127, 'Valentine Sipes I', 'roma54@example.org', '351-935-5433', 'owner', '2022-03-22 13:50:44', '$2y$10$6RSydJYv.rpyY/s3YrFxheFmZcUic5iiY.aagbCtYjsbu32zIe5zO', 'user.png', 'H2DljPeARm', '2022-03-22 13:50:46', '2022-03-22 13:50:46'),
(128, 'Jaclyn Schuster', 'meda.herzog@example.com', '858-919-3176', 'owner', '2022-03-22 13:50:44', '$2y$10$I4hwSQVmub6MujYvwxLcq.2/jRCz0vaVYHokO.phet3WwrANOmkCa', 'user.png', 'Op0E5ovlm6', '2022-03-22 13:50:46', '2022-03-22 13:50:46'),
(129, 'Hubert Reichert', 'sbreitenberg@example.net', '(513) 982-1323', 'owner', '2022-03-22 13:50:44', '$2y$10$PUnWtwEcRaDHUt8wdzD43eJvfjVC2.6Nsn48105JGus36cIvC5tyu', 'user.png', '6Yashxafyh', '2022-03-22 13:50:46', '2022-03-22 13:50:46'),
(130, 'Vladimir Kutch V', 'anthony38@example.org', '(270) 862-4018', 'owner', '2022-03-22 13:50:44', '$2y$10$bqDV8ntGswkRxl98txEl0.bgiKZmQ/VpO/9y262RCQ/HLuNZSKm36', 'user.png', '5tRxNRhglm', '2022-03-22 13:50:46', '2022-03-22 13:50:46'),
(131, 'Dexter Nikolaus', 'connelly.johnathon@example.org', '(919) 246-0094', 'owner', '2022-03-22 13:50:44', '$2y$10$ssWoO5pyrJ7JMFanYlwkwOqjtndunlMHnQtwUI7Pqf/.IUP432E3a', 'user.png', 'tlx9l6k1lX', '2022-03-22 13:50:46', '2022-03-22 13:50:46'),
(132, 'Arno Stiedemann', 'fstehr@example.org', '+15027940546', 'owner', '2022-03-22 13:50:44', '$2y$10$iJJLW7wmGnG57qV.zZPive2YtwqexquvxpWjTVczwu4kqulh1fPFS', 'user.png', 'cNgF8kzOKa', '2022-03-22 13:50:46', '2022-03-22 13:50:46'),
(133, 'Kiel Metz MD', 'hayes.catherine@example.net', '1-272-363-7408', 'owner', '2022-03-22 13:50:44', '$2y$10$2SqpkIyc.7tYxvN1L86PxucHHgZQWa8RMkl106FzawbdJyQL8Mb2W', 'user.png', '8LtHowH5oX', '2022-03-22 13:50:46', '2022-03-22 13:50:46'),
(134, 'Alvena Von', 'trycia65@example.com', '308-335-9831', 'owner', '2022-03-22 13:50:44', '$2y$10$VDywEpm83zFE8KtynGrCzuXsIblCHFWopYKGsYaJgEq.FxXvFX9va', 'user.png', '1yIvGz4WMP', '2022-03-22 13:50:46', '2022-03-22 13:50:46'),
(135, 'Lawrence Kub', 'balistreri.emmitt@example.org', '+1-740-910-3201', 'owner', '2022-03-22 13:50:45', '$2y$10$DPIGvcdHqvj.PVHYoijbXepnoSuOl6o0rApS/I5s306VS4ihkmk2C', 'user.png', 'oX3EoaOxYZ', '2022-03-22 13:50:46', '2022-03-22 13:50:46'),
(136, 'Carol Stoltenberg', 'tosinski@example.net', '+1-631-314-4682', 'owner', '2022-03-22 13:50:45', '$2y$10$1vDWXX2rHiayRq9ROcXEH.wDbky10XyzG4xGfeM9tugYo/c/FJF8e', 'user.png', 'Cqzy8HnAah', '2022-03-22 13:50:46', '2022-03-22 13:50:46'),
(137, 'Jay Kuhic', 'frosenbaum@example.org', '551-791-8725', 'owner', '2022-03-22 13:50:45', '$2y$10$rl8Yp2yW4vG3RP2VQhx99O7WbX39DIUJB/nGPe21wtQ2Tv6HL8Mmm', 'user.png', 'SWh3cl2qr5', '2022-03-22 13:50:46', '2022-03-22 13:50:46'),
(138, 'Miss Whitney Ortiz II', 'ayana67@example.com', '+1-520-814-2360', 'owner', '2022-03-22 13:50:45', '$2y$10$bXYephjSF.ZMcr46gCe7TebngOkC6I9gL7Fo1mw/puMGHH7QUvpxe', 'user.png', 'jRbd5pVsji', '2022-03-22 13:50:46', '2022-03-22 13:50:46'),
(139, 'Mr. Garland Gottlieb MD', 'monahan.chaim@example.org', '331.422.1101', 'owner', '2022-03-22 13:50:45', '$2y$10$3UHo3eDE7cLVTA79rvSQ2Oc2HB.iRIt./X1jolmuSbc8i83OABAYi', 'user.png', 'niCRHRnJtS', '2022-03-22 13:50:46', '2022-03-22 13:50:46'),
(140, 'Mariam Howe', 'zelda.crist@example.net', '1-440-792-3419', 'owner', '2022-03-22 13:50:45', '$2y$10$BPMjAUX6iL3IixVflsLX2O/.gSS1rhrj1t6mC7flW4pqyXD7qQDwW', 'user.png', 'SDaOz4zcq4', '2022-03-22 13:50:46', '2022-03-22 13:50:46'),
(141, 'Zakary McClure Sr.', 'wnicolas@example.org', '(765) 765-2303', 'owner', '2022-03-22 13:50:45', '$2y$10$IIUKvKxTmPXmhZ4W/3/2heYJ8lAbuS6PuhOoQ1hstgr6C/hlpGgAO', 'user.png', 'PTJohAm9mw', '2022-03-22 13:50:46', '2022-03-22 13:50:46'),
(142, 'Mr. Dangelo Osinski III', 'ovonrueden@example.org', '+1-737-583-8309', 'owner', '2022-03-22 13:50:45', '$2y$10$47uCDSxFse/ExQglCUcsZuDEh5rriVE8BjcFI.ZBTiwZO61sFneIi', 'user.png', 'JP76eJ35wn', '2022-03-22 13:50:46', '2022-03-22 13:50:46'),
(143, 'Jeffrey Dickinson', 'isabel88@example.com', '(470) 620-6299', 'owner', '2022-03-22 13:50:45', '$2y$10$f9/tWq5J8wytLvl6nW/ou.KcGmSxfPLDO70zv5F2Ri5OIp.XZbDXu', 'user.png', 'BGC694faZF', '2022-03-22 13:50:46', '2022-03-22 13:50:46'),
(144, 'Misael Hayes', 'macejkovic.mafalda@example.com', '+1 (941) 337-9747', 'owner', '2022-03-22 13:50:45', '$2y$10$t/z/YwhyAwFlR.LHRDs.3uas..4X79Ut6ONqVx9BrFVwb8YTlSZnS', 'user.png', 'DEWXJNXiKT', '2022-03-22 13:50:46', '2022-03-22 13:50:46'),
(145, 'Prof. Ernestina Ferry', 'kub.nash@example.net', '380-543-1228', 'owner', '2022-03-22 13:50:45', '$2y$10$E2J0rm8ZRSrtm2P2j4kYiuu86Z7kIcYe4PPbNwU3pXe.VjMbMeNSC', 'user.png', 'IQGYjKIrmK', '2022-03-22 13:50:46', '2022-03-22 13:50:46'),
(146, 'Tanya Christiansen', 'myron.bahringer@example.com', '+1.334.653.2722', 'owner', '2022-03-22 13:50:46', '$2y$10$vNLeQpx1YCSi62l8tgDvGOrXlNk1qekz./KOe7cnAJlJbRnylZJba', 'user.png', '8M0YzrGScU', '2022-03-22 13:50:46', '2022-03-22 13:50:46'),
(147, 'Larissa Emard', 'denis.wehner@example.com', '1-854-826-4270', 'owner', '2022-03-22 13:50:46', '$2y$10$.Igbs.3o4ObFsjZQ2ZXKGOHIub9fcsURT9Koq73s9gQhD2JbYXxE6', 'user.png', 'dsQMU5bQJg', '2022-03-22 13:50:46', '2022-03-22 13:50:46'),
(148, 'Celestino Cruickshank', 'ozemlak@example.com', '(901) 540-6513', 'owner', '2022-03-22 13:50:46', '$2y$10$HfLfo7yebnm2cqRZd3geg.PycUqviGwfjJn2kIDS7UB1GQT8QdU/C', 'user.png', 't6tO4KA1IW', '2022-03-22 13:50:46', '2022-03-22 13:50:46'),
(149, 'Lula Gerhold', 'blanda.eugene@example.org', '(669) 981-4877', 'owner', '2022-03-22 13:50:46', '$2y$10$5eVa3YOKj5BUS/GVTHaJne9yZ6e18NQXGXximBWc1XQWipedeiOn.', 'user.png', 'lgqXo2ocfj', '2022-03-22 13:50:46', '2022-03-22 13:50:46'),
(150, 'Dr. Rodolfo Thiel IV', 'anderson.jerrell@example.com', '+1-986-946-8856', 'owner', '2022-03-22 13:50:46', '$2y$10$XK7Nrx4lh5QWyqGM73XoSO1c0047D2CyiVgTw42NXv/vUS0SFVQ2m', 'user.png', '2Q6h9fjc2J', '2022-03-22 13:50:46', '2022-03-22 13:50:46'),
(151, 'Patience Feeney I', 'frami.karlee@example.net', '770.604.8672', 'owner', '2022-03-22 13:50:46', '$2y$10$PpVqYGlLu69QDj1eUgK19umQhvpsNG4JkZu3yEjpQzFACj2vKeAOm', 'user.png', 'QE5ecjM3qp', '2022-03-22 13:50:46', '2022-03-22 13:50:46');

--
-- Indexes for dumped tables
--

--
-- Indexes for table `companies`
--
ALTER TABLE `companies`
  ADD PRIMARY KEY (`company_id`),
  ADD KEY `companies_user_id_foreign` (`user_id`);

--
-- Indexes for table `company_users`
--
ALTER TABLE `company_users`
  ADD PRIMARY KEY (`booking_id`),
  ADD KEY `company_users_user_id_foreign` (`user_id`),
  ADD KEY `company_users_company_id_foreign` (`company_id`);

--
-- Indexes for table `contacts`
--
ALTER TABLE `contacts`
  ADD PRIMARY KEY (`id`);

--
-- Indexes for table `failed_jobs`
--
ALTER TABLE `failed_jobs`
  ADD PRIMARY KEY (`id`),
  ADD UNIQUE KEY `failed_jobs_uuid_unique` (`uuid`);

--
-- Indexes for table `migrations`
--
ALTER TABLE `migrations`
  ADD PRIMARY KEY (`id`);

--
-- Indexes for table `password_resets`
--
ALTER TABLE `password_resets`
  ADD KEY `password_resets_email_index` (`email`);

--
-- Indexes for table `personal_access_tokens`
--
ALTER TABLE `personal_access_tokens`
  ADD PRIMARY KEY (`id`),
  ADD UNIQUE KEY `personal_access_tokens_token_unique` (`token`),
  ADD KEY `personal_access_tokens_tokenable_type_tokenable_id_index` (`tokenable_type`,`tokenable_id`);

--
-- Indexes for table `reviews`
--
ALTER TABLE `reviews`
  ADD PRIMARY KEY (`review_id`),
  ADD KEY `reviews_user_id_foreign` (`user_id`),
  ADD KEY `reviews_company_id_foreign` (`company_id`);

--
-- Indexes for table `users`
--
ALTER TABLE `users`
  ADD PRIMARY KEY (`id`),
  ADD UNIQUE KEY `users_email_unique` (`email`);

--
-- AUTO_INCREMENT for dumped tables
--

--
-- AUTO_INCREMENT for table `companies`
--
ALTER TABLE `companies`
  MODIFY `company_id` bigint(20) UNSIGNED NOT NULL AUTO_INCREMENT, AUTO_INCREMENT=51;

--
-- AUTO_INCREMENT for table `company_users`
--
ALTER TABLE `company_users`
  MODIFY `booking_id` bigint(20) UNSIGNED NOT NULL AUTO_INCREMENT, AUTO_INCREMENT=101;

--
-- AUTO_INCREMENT for table `contacts`
--
ALTER TABLE `contacts`
  MODIFY `id` bigint(20) UNSIGNED NOT NULL AUTO_INCREMENT, AUTO_INCREMENT=51;

--
-- AUTO_INCREMENT for table `failed_jobs`
--
ALTER TABLE `failed_jobs`
  MODIFY `id` bigint(20) UNSIGNED NOT NULL AUTO_INCREMENT;

--
-- AUTO_INCREMENT for table `migrations`
--
ALTER TABLE `migrations`
  MODIFY `id` int(10) UNSIGNED NOT NULL AUTO_INCREMENT, AUTO_INCREMENT=9;

--
-- AUTO_INCREMENT for table `personal_access_tokens`
--
ALTER TABLE `personal_access_tokens`
  MODIFY `id` bigint(20) UNSIGNED NOT NULL AUTO_INCREMENT;

--
-- AUTO_INCREMENT for table `reviews`
--
ALTER TABLE `reviews`
  MODIFY `review_id` bigint(20) UNSIGNED NOT NULL AUTO_INCREMENT, AUTO_INCREMENT=101;

--
-- AUTO_INCREMENT for table `users`
--
ALTER TABLE `users`
  MODIFY `id` bigint(20) UNSIGNED NOT NULL AUTO_INCREMENT, AUTO_INCREMENT=152;

--
-- Constraints for dumped tables
--

--
-- Constraints for table `companies`
--
ALTER TABLE `companies`
  ADD CONSTRAINT `companies_user_id_foreign` FOREIGN KEY (`user_id`) REFERENCES `users` (`id`) ON DELETE CASCADE;

--
-- Constraints for table `company_users`
--
ALTER TABLE `company_users`
  ADD CONSTRAINT `company_users_company_id_foreign` FOREIGN KEY (`company_id`) REFERENCES `companies` (`company_id`) ON DELETE CASCADE,
  ADD CONSTRAINT `company_users_user_id_foreign` FOREIGN KEY (`user_id`) REFERENCES `users` (`id`) ON DELETE CASCADE;

--
-- Constraints for table `reviews`
--
ALTER TABLE `reviews`
  ADD CONSTRAINT `reviews_company_id_foreign` FOREIGN KEY (`company_id`) REFERENCES `companies` (`company_id`) ON DELETE CASCADE,
  ADD CONSTRAINT `reviews_user_id_foreign` FOREIGN KEY (`user_id`) REFERENCES `users` (`id`) ON DELETE CASCADE;
COMMIT;

/*!40101 SET CHARACTER_SET_CLIENT=@OLD_CHARACTER_SET_CLIENT */;
/*!40101 SET CHARACTER_SET_RESULTS=@OLD_CHARACTER_SET_RESULTS */;
/*!40101 SET COLLATION_CONNECTION=@OLD_COLLATION_CONNECTION */;
